Re,Im,abs_L_sub
0.0500,-50.0000,5.438517e+05
0.0725,-50.0000,4.117873e+05
0.0950,-50.0000,3.117980e+05
0.1175,-50.0000,2.360932e+05
0.1400,-50.0000,1.787769e+05
0.1625,-50.0000,1.353863e+05
0.1850,-50.0000,1.025424e+05
0.2075,-50.0000,7.768644e+04
0.2300,-50.0000,5.888035e+04
0.2525,-50.0000,4.465614e+04
0.2750,-50.0000,3.390159e+04
0.2975,-50.0000,2.577396e+04
0.3200,-50.0000,1.963464e+04
0.3425,-50.0000,1.499958e+04
0.3650,-50.0000,1.150185e+04
0.3875,-50.0000,8.863219e+03
0.4100,-50.0000,6.872678e+03
0.4325,-50.0000,5.370150e+03
0.4550,-50.0000,4.234216e+03
0.4775,-50.0000,3.372862e+03
0.5000,-50.0000,2.716508e+03
0.5225,-50.0000,2.212753e+03
0.5450,-50.0000,1.822381e+03
0.5675,-50.0000,1.516281e+03
0.5900,-50.0000,1.273030e+03
0.6125,-50.0000,1.076993e+03
0.6350,-50.0000,9.168215e+02
0.6575,-50.0000,7.842880e+02
0.6800,-50.0000,6.734091e+02
0.7025,-50.0000,5.797933e+02
0.7250,-50.0000,5.001730e+02
0.7475,-50.0000,4.320735e+02
0.7700,-50.0000,3.735821e+02
0.7925,-50.0000,3.231897e+02
0.8150,-50.0000,2.796818e+02
0.8375,-50.0000,2.420632e+02
0.8600,-50.0000,2.095062e+02
0.8825,-50.0000,1.813137e+02
0.9050,-50.0000,1.568933e+02
0.9275,-50.0000,1.357381e+02
0.9500,-50.0000,1.174117e+02
0.0500,-48.7500,2.429199e+05
0.0725,-48.7500,1.846397e+05
0.0950,-48.7500,1.404971e+05
0.1175,-48.7500,1.070411e+05
0.1400,-48.7500,8.166601e+04
0.1625,-48.7500,6.240430e+04
0.1850,-48.7500,4.776968e+04
0.2075,-48.7500,3.663911e+04
0.2300,-48.7500,2.816379e+04
0.2525,-48.7500,2.170189e+04
0.2750,-48.7500,1.676790e+04
0.2975,-48.7500,1.299438e+04
0.3200,-48.7500,1.010310e+04
0.3425,-48.7500,7.883233e+03
0.3650,-48.7500,6.174958e+03
0.3875,-48.7500,4.857003e+03
0.4100,-48.7500,3.837290e+03
0.4325,-48.7500,3.045840e+03
0.4550,-48.7500,2.429425e+03
0.4775,-48.7500,1.947511e+03
0.5000,-48.7500,1.569200e+03
0.5225,-48.7500,1.270910e+03
0.5450,-48.7500,1.034612e+03
0.5675,-48.7500,8.465048e+02
0.5900,-48.7500,6.960001e+02
0.6125,-48.7500,5.749577e+02
0.6350,-48.7500,4.771027e+02
0.6575,-48.7500,3.975838e+02
0.6800,-48.7500,3.326374e+02
0.7025,-48.7500,2.793323e+02
0.7250,-48.7500,2.353759e+02
0.7475,-48.7500,1.989669e+02
0.7700,-48.7500,1.686830e+02
0.7925,-48.7500,1.433952e+02
0.8150,-48.7500,1.222029e+02
0.8375,-48.7500,1.043835e+02
0.8600,-48.7500,8.935433e+01
0.8825,-48.7500,7.664297e+01
0.9050,-48.7500,6.586451e+01
0.9275,-48.7500,5.670377e+01
0.9500,-48.7500,4.890146e+01
0.0500,-47.5000,1.441140e+05
0.0725,-47.5000,1.092641e+05
0.0950,-47.5000,8.294375e+04
0.1175,-47.5000,6.304912e+04
0.1400,-47.5000,4.799791e+04
0.1625,-47.5000,3.659960e+04
0.1850,-47.5000,2.795810e+04
0.2075,-47.5000,2.139866e+04
0.2300,-47.5000,1.641297e+04
0.2525,-47.5000,1.261788e+04
0.2750,-47.5000,9.724415e+03
0.2975,-47.5000,7.514484e+03
0.3200,-47.5000,5.823379e+03
0.3425,-47.5000,4.526599e+03
0.3650,-47.5000,3.529954e+03
0.3875,-47.5000,2.762115e+03
0.4100,-47.5000,2.169006e+03
0.4325,-47.5000,1.709584e+03
0.4550,-47.5000,1.352656e+03
0.4775,-47.5000,1.074481e+03
0.5000,-47.5000,8.569646e+02
0.5225,-47.5000,6.862885e+02
0.5450,-47.5000,5.518831e+02
0.5675,-47.5000,4.456465e+02
0.5900,-47.5000,3.613546e+02
0.6125,-47.5000,2.942149e+02
0.6350,-47.5000,2.405274e+02
0.6575,-47.5000,1.974276e+02
0.6800,-47.5000,1.626916e+02
0.7025,-47.5000,1.345872e+02
0.7250,-47.5000,1.117609e+02
0.7475,-47.5000,9.315137e+01
0.7700,-47.5000,7.792350e+01
0.7925,-47.5000,6.541780e+01
0.8150,-47.5000,5.511153e+01
0.8375,-47.5000,4.658883e+01
0.8600,-47.5000,3.951760e+01
0.8825,-47.5000,3.363172e+01
0.9050,-47.5000,2.871709e+01
0.9275,-47.5000,2.460091e+01
0.9500,-47.5000,2.114322e+01
0.0500,-46.2500,1.319018e+05
0.0725,-46.2500,9.839910e+04
0.0950,-46.2500,7.340114e+04
0.1175,-46.2500,5.475215e+04
0.1400,-46.2500,4.084222e+04
0.1625,-46.2500,3.046915e+04
0.1850,-46.2500,2.273530e+04
0.2075,-46.2500,1.697048e+04
0.2300,-46.2500,1.267438e+04
0.2525,-46.2500,9.473551e+03
0.2750,-46.2500,7.089303e+03
0.2975,-46.2500,5.313659e+03
0.3200,-46.2500,3.991451e+03
0.3425,-46.2500,3.006927e+03
0.3650,-46.2500,2.273747e+03
0.3875,-46.2500,1.727523e+03
0.4100,-46.2500,1.320242e+03
0.4325,-46.2500,1.016116e+03
0.4550,-46.2500,7.884795e+02
0.4775,-46.2500,6.174870e+02
0.5000,-46.2500,4.883923e+02
0.5225,-46.2500,3.902685e+02
0.5450,-46.2500,3.150486e+02
0.5675,-46.2500,2.568033e+02
0.5900,-46.2500,2.111941e+02
0.6125,-46.2500,1.750574e+02
0.6350,-46.2500,1.460905e+02
0.6575,-46.2500,1.226141e+02
0.6800,-46.2500,1.033984e+02
0.7025,-46.2500,8.753413e+01
0.7250,-46.2500,7.434181e+01
0.7475,-46.2500,6.330598e+01
0.7700,-46.2500,5.402966e+01
0.7925,-46.2500,4.620223e+01
0.8150,-46.2500,3.957700e+01
0.8375,-46.2500,3.395532e+01
0.8600,-46.2500,2.917541e+01
0.8825,-46.2500,2.510415e+01
0.9050,-46.2500,2.163120e+01
0.9275,-46.2500,1.866452e+01
0.9500,-46.2500,1.612698e+01
0.0500,-45.0000,1.440614e+05
0.0725,-45.0000,1.101008e+05
0.0950,-45.0000,8.425196e+04
0.1175,-45.0000,6.456029e+04
0.1400,-45.0000,4.954515e+04
0.1625,-45.0000,3.808440e+04
0.1850,-45.0000,2.932716e+04
0.2075,-45.0000,2.262782e+04
0.2300,-45.0000,1.749624e+04
0.2525,-45.0000,1.356008e+04
0.2750,-45.0000,1.053628e+04
0.2975,-45.0000,8.209519e+03
0.3200,-45.0000,6.415863e+03
0.3425,-45.0000,5.030411e+03
0.3650,-45.0000,3.957923e+03
0.3875,-45.0000,3.125710e+03
0.4100,-45.0000,2.478243e+03
0.4325,-45.0000,1.973063e+03
0.4550,-45.0000,1.577668e+03
0.4775,-45.0000,1.267150e+03
0.5000,-45.0000,1.022402e+03
0.5225,-45.0000,8.287438e+02
0.5450,-45.0000,6.748805e+02
0.5675,-45.0000,5.521094e+02
0.5900,-45.0000,4.537118e+02
0.6125,-45.0000,3.744900e+02
0.6350,-45.0000,3.104136e+02
0.6575,-45.0000,2.583486e+02
0.6800,-45.0000,2.158510e+02
0.7025,-45.0000,1.810083e+02
0.7250,-45.0000,1.523185e+02
0.7475,-45.0000,1.285971e+02
0.7700,-45.0000,1.089062e+02
0.7925,-45.0000,9.249976e+01
0.8150,-45.0000,7.878162e+01
0.8375,-45.0000,6.727323e+01
0.8600,-45.0000,5.758864e+01
0.8825,-45.0000,4.941514e+01
0.9050,-45.0000,4.249821e+01
0.9275,-45.0000,3.662983e+01
0.9500,-45.0000,3.163923e+01
0.0500,-43.7500,5.095767e+04
0.0725,-43.7500,3.764374e+04
0.0950,-43.7500,2.778534e+04
0.1175,-43.7500,2.049372e+04
0.1400,-43.7500,1.510650e+04
0.1625,-43.7500,1.113054e+04
0.1850,-43.7500,8.199131e+03
0.2075,-43.7500,6.039921e+03
0.2300,-43.7500,4.450863e+03
0.2525,-43.7500,3.282269e+03
0.2750,-43.7500,2.423376e+03
0.2975,-43.7500,1.792335e+03
0.3200,-43.7500,1.328741e+03
0.3425,-43.7500,9.880753e+02
0.3650,-43.7500,7.375696e+02
0.3875,-43.7500,5.531367e+02
0.4100,-43.7500,4.170940e+02
0.4325,-43.7500,3.164773e+02
0.4550,-43.7500,2.417942e+02
0.4775,-43.7500,1.861035e+02
0.5000,-43.7500,1.443366e+02
0.5225,-43.7500,1.127969e+02
0.5450,-43.7500,8.879172e+01
0.5675,-43.7500,7.036131e+01
0.5900,-43.7500,5.607957e+01
0.6125,-43.7500,4.490792e+01
0.6350,-43.7500,3.608834e+01
0.6575,-43.7500,2.906546e+01
0.6800,-43.7500,2.343007e+01
0.7025,-43.7500,1.887835e+01
0.7250,-43.7500,1.518262e+01
0.7475,-43.7500,1.217036e+01
0.7700,-43.7500,9.709340e+00
0.7925,-43.7500,7.696890e+00
0.8150,-43.7500,6.052375e+00
0.8375,-43.7500,4.711775e+00
0.8600,-43.7500,3.623871e+00
0.8825,-43.7500,2.747601e+00
0.9050,-43.7500,2.050351e+00
0.9275,-43.7500,1.507085e+00
0.9500,-43.7500,1.100194e+00
0.0500,-42.5000,1.797460e+05
0.0725,-42.5000,1.397637e+05
0.0950,-42.5000,1.088483e+05
0.1175,-42.5000,8.491452e+04
0.1400,-42.5000,6.636164e+04
0.1625,-42.5000,5.196017e+04
0.1850,-42.5000,4.076492e+04
0.2075,-42.5000,3.204872e+04
0.2300,-42.5000,2.525156e+04
0.2525,-42.5000,1.994184e+04
0.2750,-42.5000,1.578654e+04
0.2975,-42.5000,1.252849e+04
0.3200,-42.5000,9.968823e+03
0.3425,-42.5000,7.953612e+03
0.3650,-42.5000,6.363560e+03
0.3875,-42.5000,5.106086e+03
0.4100,-42.5000,4.109248e+03
0.4325,-42.5000,3.317058e+03
0.4550,-42.5000,2.685880e+03
0.4775,-42.5000,2.181650e+03
0.5000,-42.5000,1.777730e+03
0.5225,-42.5000,1.453254e+03
0.5450,-42.5000,1.191847e+03
0.5675,-42.5000,9.806314e+02
0.5900,-42.5000,8.094624e+02
0.6125,-42.5000,6.703285e+02
0.6350,-42.5000,5.568905e+02
0.6575,-42.5000,4.641204e+02
0.6800,-42.5000,3.880205e+02
0.7025,-42.5000,3.254049e+02
0.7250,-42.5000,2.737282e+02
0.7475,-42.5000,2.309512e+02
0.7700,-42.5000,1.954359e+02
0.7925,-42.5000,1.658635e+02
0.8150,-42.5000,1.411686e+02
0.8375,-42.5000,1.204885e+02
0.8600,-42.5000,1.031228e+02
0.8825,-42.5000,8.850087e+01
0.9050,-42.5000,7.615683e+01
0.9275,-42.5000,6.570908e+01
0.9500,-42.5000,5.684423e+01
0.0500,-41.2500,1.696217e+05
0.0725,-41.2500,1.294796e+05
0.0950,-41.2500,9.890177e+04
0.1175,-41.2500,7.560392e+04
0.1400,-41.2500,5.784768e+04
0.1625,-41.2500,4.431029e+04
0.1850,-41.2500,3.398512e+04
0.2075,-41.2500,2.610611e+04
0.2300,-41.2500,2.009020e+04
0.2525,-41.2500,1.549360e+04
0.2750,-41.2500,1.197851e+04
0.2975,-41.2500,9.287746e+03
0.3200,-41.2500,7.225506e+03
0.3425,-41.2500,5.642677e+03
0.3650,-41.2500,4.425691e+03
0.3875,-41.2500,3.488032e+03
0.4100,-41.2500,2.763779e+03
0.4325,-41.2500,2.202695e+03
0.4550,-41.2500,1.766486e+03
0.4775,-41.2500,1.425959e+03
0.5000,-41.2500,1.158862e+03
0.5225,-41.2500,9.482260e+02
0.5450,-41.2500,7.811177e+02
0.5675,-41.2500,6.476735e+02
0.5900,-41.2500,5.403698e+02
0.6125,-41.2500,4.534629e+02
0.6350,-41.2500,3.825611e+02
0.6575,-41.2500,3.242988e+02
0.6800,-41.2500,2.760886e+02
0.7025,-41.2500,2.359326e+02
0.7250,-41.2500,2.022803e+02
0.7475,-41.2500,1.739205e+02
0.7700,-41.2500,1.499008e+02
0.7925,-41.2500,1.294664e+02
0.8150,-41.2500,1.120145e+02
0.8375,-41.2500,9.705935e+01
0.8600,-41.2500,8.420677e+01
0.8825,-41.2500,7.313405e+01
0.9050,-41.2500,6.357507e+01
0.9275,-41.2500,5.530875e+01
0.9500,-41.2500,4.815027e+01
0.0500,-40.0000,1.783441e+05
0.0725,-40.0000,1.395270e+05
0.0950,-40.0000,1.092758e+05
0.1175,-40.0000,8.568503e+04
0.1400,-40.0000,6.727526e+04
0.1625,-40.0000,5.289750e+04
0.1850,-40.0000,4.165909e+04
0.2075,-40.0000,3.286628e+04
0.2300,-40.0000,2.597973e+04
0.2525,-40.0000,2.057997e+04
0.2750,-40.0000,1.634061e+04
0.2975,-40.0000,1.300760e+04
0.3200,-40.0000,1.038307e+04
0.3425,-40.0000,8.312827e+03
0.3650,-40.0000,6.676683e+03
0.3875,-40.0000,5.380863e+03
0.4100,-40.0000,4.352170e+03
0.4325,-40.0000,3.533431e+03
0.4550,-40.0000,2.879958e+03
0.4775,-40.0000,2.356793e+03
0.5000,-40.0000,1.936567e+03
0.5225,-40.0000,1.597833e+03
0.5450,-40.0000,1.323768e+03
0.5675,-40.0000,1.101158e+03
0.5900,-40.0000,9.196111e+02
0.6125,-40.0000,7.709406e+02
0.6350,-40.0000,6.486840e+02
0.6575,-40.0000,5.477293e+02
0.6800,-40.0000,4.640217e+02
0.7025,-40.0000,3.943362e+02
0.7250,-40.0000,3.360988e+02
0.7475,-40.0000,2.872481e+02
0.7700,-40.0000,2.461267e+02
0.7925,-40.0000,2.113968e+02
0.8150,-40.0000,1.819739e+02
0.8375,-40.0000,1.569747e+02
0.8600,-40.0000,1.356771e+02
0.8825,-40.0000,1.174880e+02
0.9050,-40.0000,1.019180e+02
0.9275,-40.0000,8.856207e+01
0.9500,-40.0000,7.708299e+01
0.0500,-38.7500,8.825608e+04
0.0725,-38.7500,6.865076e+04
0.0950,-38.7500,5.347780e+04
0.1175,-38.7500,4.172298e+04
0.1400,-38.7500,3.260608e+04
0.1625,-38.7500,2.552661e+04
0.1850,-38.7500,2.002214e+04
0.2075,-38.7500,1.573632e+04
0.2300,-38.7500,1.239438e+04
0.2525,-38.7500,9.784299e+03
0.2750,-38.7500,7.742335e+03
0.2975,-38.7500,6.141937e+03
0.3200,-38.7500,4.885202e+03
0.3425,-38.7500,3.896320e+03
0.3650,-38.7500,3.116523e+03
0.3875,-38.7500,2.500204e+03
0.4100,-38.7500,2.011926e+03
0.4325,-38.7500,1.624120e+03
0.4550,-38.7500,1.315307e+03
0.4775,-38.7500,1.068728e+03
0.5000,-38.7500,8.712872e+02
0.5225,-38.7500,7.127320e+02
0.5450,-38.7500,5.850238e+02
0.5675,-38.7500,4.818467e+02
0.5900,-38.7500,3.982289e+02
0.6125,-38.7500,3.302483e+02
0.6350,-38.7500,2.748039e+02
0.6575,-38.7500,2.294386e+02
0.6800,-38.7500,1.922005e+02
0.7025,-38.7500,1.615353e+02
0.7250,-38.7500,1.362021e+02
0.7475,-38.7500,1.152074e+02
0.7700,-38.7500,9.775374e+01
0.7925,-38.7500,8.319922e+01
0.8150,-38.7500,7.102552e+01
0.8375,-38.7500,6.081302e+01
0.8600,-38.7500,5.222096e+01
0.8825,-38.7500,4.497180e+01
0.9050,-38.7500,3.883882e+01
0.9275,-38.7500,3.363628e+01
0.9500,-38.7500,2.921155e+01
0.0500,-37.5000,3.310150e+04
0.0725,-37.5000,2.449384e+04
0.0950,-37.5000,1.809044e+04
0.1175,-37.5000,1.333317e+04
0.1400,-37.5000,9.804010e+03
0.1625,-37.5000,7.190147e+03
0.1850,-37.5000,5.257658e+03
0.2075,-37.5000,3.831778e+03
0.2300,-37.5000,2.782060e+03
0.2525,-37.5000,2.011240e+03
0.2750,-37.5000,1.446879e+03
0.2975,-37.5000,1.035092e+03
0.3200,-37.5000,7.358570e+02
0.3425,-37.5000,5.194948e+02
0.3650,-37.5000,3.640432e+02
0.3875,-37.5000,2.532912e+02
0.4100,-37.5000,1.753119e+02
0.4325,-37.5000,1.213602e+02
0.4550,-37.5000,8.502158e+01
0.4775,-37.5000,6.150702e+01
0.5000,-37.5000,4.704194e+01
0.5225,-37.5000,3.846995e+01
0.5450,-37.5000,3.325842e+01
0.5675,-37.5000,2.968813e+01
0.5900,-37.5000,2.681597e+01
0.6125,-37.5000,2.422189e+01
0.6350,-37.5000,2.176065e+01
0.6575,-37.5000,1.940713e+01
0.6800,-37.5000,1.717839e+01
0.7025,-37.5000,1.509934e+01
0.7250,-37.5000,1.318972e+01
0.7475,-37.5000,1.146052e+01
0.7700,-37.5000,9.914358e+00
0.7925,-37.5000,8.547108e+00
0.8150,-37.5000,7.349819e+00
0.8375,-37.5000,6.310380e+00
0.8600,-37.5000,5.414860e+00
0.8825,-37.5000,4.648523e+00
0.9050,-37.5000,3.996545e+00
0.9275,-37.5000,3.444514e+00
0.9500,-37.5000,2.978771e+00
0.0500,-36.2500,5.995355e+04
0.0725,-36.2500,4.688646e+04
0.0950,-36.2500,3.669883e+04
0.1175,-36.2500,2.875247e+04
0.1400,-36.2500,2.255117e+04
0.1625,-36.2500,1.770904e+04
0.1850,-36.2500,1.392587e+04
0.2075,-36.2500,1.096807e+04
0.2300,-36.2500,8.653819e+03
0.2525,-36.2500,6.841554e+03
0.2750,-36.2500,5.421024e+03
0.2975,-36.2500,4.306331e+03
0.3200,-36.2500,3.430531e+03
0.3425,-36.2500,2.741434e+03
0.3650,-36.2500,2.198335e+03
0.3875,-36.2500,1.769479e+03
0.4100,-36.2500,1.430085e+03
0.4325,-36.2500,1.160807e+03
0.4550,-36.2500,9.465401e+02
0.4775,-36.2500,7.754856e+02
0.5000,-36.2500,6.384275e+02
0.5225,-36.2500,5.281648e+02
0.5450,-36.2500,4.390689e+02
0.5675,-36.2500,3.667390e+02
0.5900,-36.2500,3.077313e+02
0.6125,-36.2500,2.593483e+02
0.6350,-36.2500,2.194741e+02
0.6575,-36.2500,1.864455e+02
0.6800,-36.2500,1.589516e+02
0.7025,-36.2500,1.359559e+02
0.7250,-36.2500,1.166357e+02
0.7475,-36.2500,1.003349e+02
0.7700,-36.2500,8.652789e+01
0.7925,-36.2500,7.479107e+01
0.8150,-36.2500,6.478140e+01
0.8375,-36.2500,5.621935e+01
0.8600,-36.2500,4.887592e+01
0.8825,-36.2500,4.256240e+01
0.9050,-36.2500,3.712249e+01
0.9275,-36.2500,3.242610e+01
0.9500,-36.2500,2.836440e+01
0.0500,-35.0000,3.207720e+04
0.0725,-35.0000,2.452287e+04
0.0950,-35.0000,1.874037e+04
0.1175,-35.0000,1.431653e+04
0.1400,-35.0000,1.093398e+04
0.1625,-35.0000,8.349099e+03
0.1850,-35.0000,6.374916e+03
0.2075,-35.0000,4.868025e+03
0.2300,-35.0000,3.718480e+03
0.2525,-35.0000,2.842027e+03
0.2750,-35.0000,2.174138e+03
0.2975,-35.0000,1.665414e+03
0.3200,-35.0000,1.278061e+03
0.3425,-35.0000,9.831764e+02
0.3650,-35.0000,7.586750e+02
0.3875,-35.0000,5.876883e+02
0.4100,-35.0000,4.573442e+02
0.4325,-35.0000,3.578292e+02
0.4550,-35.0000,2.816716e+02
0.4775,-35.0000,2.231928e+02
0.5000,-35.0000,1.780866e+02
0.5225,-35.0000,1.430974e+02
0.5450,-35.0000,1.157717e+02
0.5675,-35.0000,9.426685e+01
0.5900,-35.0000,7.720332e+01
0.6125,-35.0000,6.354995e+01
0.6350,-35.0000,5.253623e+01
0.6575,-35.0000,4.358509e+01
0.6800,-35.0000,3.626229e+01
0.7025,-35.0000,3.023864e+01
0.7250,-35.0000,2.526215e+01
0.7475,-35.0000,2.113768e+01
0.7700,-35.0000,1.771222e+01
0.7925,-35.0000,1.486425e+01
0.8150,-35.0000,1.249596e+01
0.8375,-35.0000,1.052775e+01
0.8600,-35.0000,8.894046e+00
0.8825,-35.0000,7.540337e+00
0.9050,-35.0000,6.420868e+00
0.9275,-35.0000,5.496944e+00
0.9500,-35.0000,4.735630e+00
0.0500,-33.7500,5.207408e+04
0.0725,-33.7500,4.077628e+04
0.0950,-33.7500,3.198110e+04
0.1175,-33.7500,2.512575e+04
0.1400,-33.7500,1.977540e+04
0.1625,-33.7500,1.559387e+04
0.1850,-33.7500,1.232105e+04
0.2075,-33.7500,9.755501e+03
0.2300,-33.7500,7.741105e+03
0.2525,-33.7500,6.156740e+03
0.2750,-33.7500,4.908354e+03
0.2975,-33.7500,3.922834e+03
0.3200,-33.7500,3.143283e+03
0.3425,-33.7500,2.525374e+03
0.3650,-33.7500,2.034528e+03
0.3875,-33.7500,1.643737e+03
0.4100,-33.7500,1.331876e+03
0.4325,-33.7500,1.082398e+03
0.4550,-33.7500,8.823254e+02
0.4775,-33.7500,7.214584e+02
0.5000,-33.7500,5.917714e+02
0.5225,-33.7500,4.869365e+02
0.5450,-33.7500,4.019558e+02
0.5675,-33.7500,3.328742e+02
0.5900,-33.7500,2.765559e+02
0.6125,-33.7500,2.305091e+02
0.6350,-33.7500,1.927500e+02
0.6575,-33.7500,1.616952e+02
0.6800,-33.7500,1.360787e+02
0.7025,-33.7500,1.148852e+02
0.7250,-33.7500,9.729917e+01
0.7475,-33.7500,8.266337e+01
0.7700,-33.7500,7.044715e+01
0.7925,-33.7500,6.022087e+01
0.8150,-33.7500,5.163576e+01
0.8375,-33.7500,4.440798e+01
0.8600,-33.7500,3.830592e+01
0.8825,-33.7500,3.314008e+01
0.9050,-33.7500,2.875503e+01
0.9275,-33.7500,2.502288e+01
0.9500,-33.7500,2.183819e+01
0.0500,-32.5000,5.529971e+04
0.0725,-32.5000,4.325089e+04
0.0950,-32.5000,3.385135e+04
0.1175,-32.5000,2.651749e+04
0.1400,-32.5000,2.079410e+04
0.1625,-32.5000,1.632616e+04
0.1850,-32.5000,1.283684e+04
0.2075,-32.5000,1.011037e+04
0.2300,-32.5000,7.978560e+03
0.2525,-32.5000,6.310347e+03
0.2750,-32.5000,5.003622e+03
0.2975,-32.5000,3.978837e+03
0.3200,-32.5000,3.174026e+03
0.3425,-32.5000,2.540923e+03
0.3650,-32.5000,2.041933e+03
0.3875,-32.5000,1.647773e+03
0.4100,-32.5000,1.335626e+03
0.4325,-32.5000,1.087718e+03
0.4550,-32.5000,8.901924e+02
0.4775,-32.5000,7.322460e+02
0.5000,-32.5000,6.054507e+02
0.5225,-32.5000,5.032271e+02
0.5450,-32.5000,4.204349e+02
0.5675,-32.5000,3.530535e+02
0.5900,-32.5000,2.979345e+02
0.6125,-32.5000,2.526085e+02
0.6350,-32.5000,2.151352e+02
0.6575,-32.5000,1.839865e+02
0.6800,-32.5000,1.579561e+02
0.7025,-32.5000,1.360888e+02
0.7250,-32.5000,1.176259e+02
0.7475,-32.5000,1.019620e+02
0.7700,-32.5000,8.861256e+01
0.7925,-32.5000,7.718771e+01
0.8150,-32.5000,6.737221e+01
0.8375,-32.5000,5.890985e+01
0.8600,-32.5000,5.159123e+01
0.8825,-32.5000,4.524423e+01
0.9050,-32.5000,3.972653e+01
0.9275,-32.5000,3.491977e+01
0.9500,-32.5000,3.072491e+01
0.0500,-31.2500,1.347912e+05
0.0725,-31.2500,1.095687e+05
0.0950,-31.2500,8.919026e+04
0.1175,-31.2500,7.270679e+04
0.1400,-31.2500,5.935809e+04
0.1625,-31.2500,4.853482e+04
0.1850,-31.2500,3.974810e+04
0.2075,-31.2500,3.260544e+04
0.2300,-31.2500,2.679138e+04
0.2525,-31.2500,2.205221e+04
0.2750,-31.2500,1.818367e+04
0.2975,-31.2500,1.502113e+04
0.3200,-31.2500,1.243181e+04
0.3425,-31.2500,1.030850e+04
0.3650,-31.2500,8.564511e+03
0.3875,-31.2500,7.129717e+03
0.4100,-31.2500,5.947296e+03
0.4325,-31.2500,4.971166e+03
0.4550,-31.2500,4.163906e+03
0.4775,-31.2500,3.495093e+03
0.5000,-31.2500,2.939959e+03
0.5225,-31.2500,2.478317e+03
0.5450,-31.2500,2.093689e+03
0.5675,-31.2500,1.772609e+03
0.5900,-31.2500,1.504052e+03
0.6125,-31.2500,1.278982e+03
0.6350,-31.2500,1.089983e+03
0.6575,-31.2500,9.309539e+02
0.6800,-31.2500,7.968742e+02
0.7025,-31.2500,6.836010e+02
0.7250,-31.2500,5.877122e+02
0.7475,-31.2500,5.063757e+02
0.7700,-31.2500,4.372439e+02
0.7925,-31.2500,3.783675e+02
0.8150,-31.2500,3.281250e+02
0.8375,-31.2500,2.851651e+02
0.8600,-31.2500,2.483597e+02
0.8825,-31.2500,2.167656e+02
0.9050,-31.2500,1.895923e+02
0.9275,-31.2500,1.661765e+02
0.9500,-31.2500,1.459603e+02
0.0500,-30.0000,2.053719e+04
0.0725,-30.0000,1.572739e+04
0.0950,-30.0000,1.204338e+04
0.1175,-30.0000,9.222942e+03
0.1400,-30.0000,7.064610e+03
0.1625,-30.0000,5.413641e+03
0.1850,-30.0000,4.151246e+03
0.2075,-30.0000,3.186277e+03
0.2300,-30.0000,2.448837e+03
0.2525,-30.0000,1.885355e+03
0.2750,-30.0000,1.454795e+03
0.2975,-30.0000,1.125747e+03
0.3200,-30.0000,8.741803e+02
0.3425,-30.0000,6.817221e+02
0.3650,-30.0000,5.343357e+02
0.3875,-30.0000,4.213028e+02
0.4100,-30.0000,3.344442e+02
0.4325,-30.0000,2.675224e+02
0.4550,-30.0000,2.157838e+02
0.4775,-30.0000,1.756086e+02
0.5000,-30.0000,1.442432e+02
0.5225,-30.0000,1.195952e+02
0.5450,-30.0000,1.000771e+02
0.5675,-30.0000,8.448597e+01
0.5900,-30.0000,7.191197e+01
0.6125,-30.0000,6.166746e+01
0.6350,-30.0000,5.323300e+01
0.6575,-30.0000,4.621599e+01
0.6800,-30.0000,4.031917e+01
0.7025,-30.0000,3.531672e+01
0.7250,-30.0000,3.103628e+01
0.7475,-30.0000,2.734548e+01
0.7700,-30.0000,2.414182e+01
0.7925,-30.0000,2.134524e+01
0.8150,-30.0000,1.889250e+01
0.8375,-30.0000,1.673314e+01
0.8600,-30.0000,1.482632e+01
0.8825,-30.0000,1.313864e+01
0.9050,-30.0000,1.164240e+01
0.9275,-30.0000,1.031437e+01
0.9500,-30.0000,9.134814e+00
0.0500,-28.7500,1.185630e+04
0.0725,-28.7500,9.223878e+03
0.0950,-28.7500,7.171266e+03
0.1175,-28.7500,5.572106e+03
0.1400,-28.7500,4.327281e+03
0.1625,-28.7500,3.359104e+03
0.1850,-28.7500,2.606738e+03
0.2075,-28.7500,2.022575e+03
0.2300,-28.7500,1.569391e+03
0.2525,-28.7500,1.218104e+03
0.2750,-28.7500,9.460122e+02
0.2975,-28.7500,7.354078e+02
0.3200,-28.7500,5.724900e+02
0.3425,-28.7500,4.465121e+02
0.3650,-28.7500,3.491132e+02
0.3875,-28.7500,2.737948e+02
0.4100,-28.7500,2.155121e+02
0.4325,-28.7500,1.703534e+02
0.4550,-28.7500,1.352914e+02
0.4775,-28.7500,1.079878e+02
0.5000,-28.7500,8.664147e+01
0.5225,-28.7500,6.986940e+01
0.5450,-28.7500,5.661321e+01
0.5675,-28.7500,4.606588e+01
0.5900,-28.7500,3.761386e+01
0.6125,-28.7500,3.079168e+01
0.6350,-28.7500,2.524635e+01
0.6575,-28.7500,2.070978e+01
0.6800,-28.7500,1.697753e+01
0.7025,-28.7500,1.389274e+01
0.7250,-28.7500,1.133404e+01
0.7475,-28.7500,9.206557e+00
0.7700,-28.7500,7.435320e+00
0.7925,-28.7500,5.960404e+00
0.8150,-28.7500,4.733409e+00
0.8375,-28.7500,3.714898e+00
0.8600,-28.7500,2.872562e+00
0.8825,-28.7500,2.179964e+00
0.9050,-28.7500,1.615812e+00
0.9275,-28.7500,1.163922e+00
0.9500,-28.7500,8.143814e-01
0.0500,-27.5000,2.846612e+04
0.0725,-27.5000,2.290583e+04
0.0950,-27.5000,1.845912e+04
0.1175,-27.5000,1.489886e+04
0.1400,-27.5000,1.204486e+04
0.1625,-27.5000,9.754141e+03
0.1850,-27.5000,7.913088e+03
0.2075,-27.5000,6.431393e+03
0.2300,-27.5000,5.237191e+03
0.2525,-27.5000,4.273253e+03
0.2750,-27.5000,3.493958e+03
0.2975,-27.5000,2.862907e+03
0.3200,-27.5000,2.351028e+03
0.3425,-27.5000,1.935081e+03
0.3650,-27.5000,1.596466e+03
0.3875,-27.5000,1.320278e+03
0.4100,-27.5000,1.094563e+03
0.4325,-27.5000,9.097215e+02
0.4550,-27.5000,7.580330e+02
0.4775,-27.5000,6.332817e+02
0.5000,-27.5000,5.304561e+02
0.5225,-27.5000,4.455097e+02
0.5450,-27.5000,3.751708e+02
0.5675,-27.5000,3.167897e+02
0.5900,-27.5000,2.682170e+02
0.6125,-27.5000,2.277067e+02
0.6350,-27.5000,1.938374e+02
0.6575,-27.5000,1.654505e+02
0.6800,-27.5000,1.415993e+02
0.7025,-27.5000,1.215094e+02
0.7250,-27.5000,1.045454e+02
0.7475,-27.5000,9.018567e+01
0.7700,-27.5000,7.800039e+01
0.7925,-27.5000,6.763510e+01
0.8150,-27.5000,5.879669e+01
0.8375,-27.5000,5.124229e+01
0.8600,-27.5000,4.477020e+01
0.8825,-27.5000,3.921255e+01
0.9050,-27.5000,3.442932e+01
0.9275,-27.5000,3.030342e+01
0.9500,-27.5000,2.673676e+01
0.0500,-26.2500,1.681787e+04
0.0725,-26.2500,1.340425e+04
0.0950,-26.2500,1.069432e+04
0.1175,-26.2500,8.541597e+03
0.1400,-26.2500,6.830276e+03
0.1625,-26.2500,5.468809e+03
0.1850,-26.2500,4.384781e+03
0.2075,-26.2500,3.520891e+03
0.2300,-26.2500,2.831772e+03
0.2525,-26.2500,2.281497e+03
0.2750,-26.2500,1.841596e+03
0.2975,-26.2500,1.489500e+03
0.3200,-26.2500,1.207307e+03
0.3425,-26.2500,9.808143e+02
0.3650,-26.2500,7.987421e+02
0.3875,-26.2500,6.521307e+02
0.4100,-26.2500,5.338578e+02
0.4325,-26.2500,4.382582e+02
0.4550,-26.2500,3.608225e+02
0.4775,-26.2500,2.979588e+02
0.5000,-26.2500,2.468034e+02
0.5225,-26.2500,2.050714e+02
0.5450,-26.2500,1.709378e+02
0.5675,-26.2500,1.429431e+02
0.5900,-26.2500,1.199189e+02
0.6125,-26.2500,1.009283e+02
0.6350,-26.2500,8.521927e+01
0.6575,-26.2500,7.218648e+01
0.6800,-26.2500,6.134229e+01
0.7025,-26.2500,5.229276e+01
0.7250,-26.2500,4.471903e+01
0.7475,-26.2500,3.836234e+01
0.7700,-26.2500,3.301214e+01
0.7925,-26.2500,2.849669e+01
0.8150,-26.2500,2.467548e+01
0.8375,-26.2500,2.143322e+01
0.8600,-26.2500,1.867506e+01
0.8825,-26.2500,1.632274e+01
0.9050,-26.2500,1.431149e+01
0.9275,-26.2500,1.258758e+01
0.9500,-26.2500,1.110630e+01
0.0500,-25.0000,4.773725e+03
0.0725,-25.0000,3.645222e+03
0.0950,-25.0000,2.775638e+03
0.1175,-25.0000,2.107055e+03
0.1400,-25.0000,1.594209e+03
0.1625,-25.0000,1.201792e+03
0.1850,-25.0000,9.023036e+02
0.2075,-25.0000,6.743667e+02
0.2300,-25.0000,5.013949e+02
0.2525,-25.0000,3.705448e+02
0.2750,-25.0000,2.718917e+02
0.2975,-25.0000,1.977837e+02
0.3200,-25.0000,1.423352e+02
0.3425,-25.0000,1.010300e+02
0.3650,-25.0000,7.041245e+01
0.3875,-25.0000,4.784624e+01
0.4100,-25.0000,3.132695e+01
0.4325,-25.0000,1.933853e+01
0.4550,-25.0000,1.074885e+01
0.4775,-25.0000,4.776448e+00
0.5000,-25.0000,1.714561e+00
0.5225,-25.0000,3.268766e+00
0.5450,-25.0000,5.034206e+00
0.5675,-25.0000,6.198769e+00
0.5900,-25.0000,6.873009e+00
0.6125,-25.0000,7.185696e+00
0.6350,-25.0000,7.239675e+00
0.6575,-25.0000,7.112715e+00
0.6800,-25.0000,6.862628e+00
0.7025,-25.0000,6.532038e+00
0.7250,-25.0000,6.152186e+00
0.7475,-25.0000,5.745824e+00
0.7700,-25.0000,5.329396e+00
0.7925,-25.0000,4.914647e+00
0.8150,-25.0000,4.509826e+00
0.8375,-25.0000,4.120577e+00
0.8600,-25.0000,3.750599e+00
0.8825,-25.0000,3.402147e+00
0.9050,-25.0000,3.076403e+00
0.9275,-25.0000,2.773759e+00
0.9500,-25.0000,2.494034e+00
0.0500,-23.7500,3.462597e+04
0.0725,-23.7500,2.845799e+04
0.0950,-23.7500,2.342387e+04
0.1175,-23.7500,1.931003e+04
0.1400,-23.7500,1.594394e+04
0.1625,-23.7500,1.318606e+04
0.1850,-23.7500,1.092344e+04
0.2075,-23.7500,9.064583e+03
0.2300,-23.7500,7.535263e+03
0.2525,-23.7500,6.275228e+03
0.2750,-23.7500,5.235511e+03
0.2975,-23.7500,4.376275e+03
0.3200,-23.7500,3.665074e+03
0.3425,-23.7500,3.075458e+03
0.3650,-23.7500,2.585835e+03
0.3875,-23.7500,2.178564e+03
0.4100,-23.7500,1.839210e+03
0.4325,-23.7500,1.555950e+03
0.4550,-23.7500,1.319090e+03
0.4775,-23.7500,1.120668e+03
0.5000,-23.7500,9.541375e+02
0.5225,-23.7500,8.141108e+02
0.5450,-23.7500,6.961450e+02
0.5675,-23.7500,5.965729e+02
0.5900,-23.7500,5.123627e+02
0.6125,-23.7500,4.410045e+02
0.6350,-23.7500,3.804173e+02
0.6575,-23.7500,3.288731e+02
0.6800,-23.7500,2.849348e+02
0.7025,-23.7500,2.474052e+02
0.7250,-23.7500,2.152856e+02
0.7475,-23.7500,1.877415e+02
0.7700,-23.7500,1.640741e+02
0.7925,-23.7500,1.436978e+02
0.8150,-23.7500,1.261204e+02
0.8375,-23.7500,1.109281e+02
0.8600,-23.7500,9.777177e+01
0.8825,-23.7500,8.635694e+01
0.9050,-23.7500,7.643440e+01
0.9275,-23.7500,6.779299e+01
0.9500,-23.7500,6.025346e+01
0.0500,-22.5000,1.904581e+04
0.0725,-22.5000,1.550602e+04
0.0950,-22.5000,1.262006e+04
0.1175,-22.5000,1.026845e+04
0.1400,-22.5000,8.353385e+03
0.1625,-22.5000,6.794782e+03
0.1850,-22.5000,5.527126e+03
0.2075,-22.5000,4.496826e+03
0.2300,-22.5000,3.660067e+03
0.2525,-22.5000,2.981038e+03
0.2750,-22.5000,2.430473e+03
0.2975,-22.5000,1.984467e+03
0.3200,-22.5000,1.623494e+03
0.3425,-22.5000,1.331607e+03
0.3650,-22.5000,1.095779e+03
0.3875,-22.5000,9.053709e+02
0.4100,-22.5000,7.516919e+02
0.4325,-22.5000,6.276420e+02
0.4550,-22.5000,5.274248e+02
0.4775,-22.5000,4.463139e+02
0.5000,-22.5000,3.804654e+02
0.5225,-22.5000,3.267659e+02
0.5450,-22.5000,2.827080e+02
0.5675,-22.5000,2.462879e+02
0.5900,-22.5000,2.159168e+02
0.6125,-22.5000,1.903462e+02
0.6350,-22.5000,1.686026e+02
0.6575,-22.5000,1.499319e+02
0.6800,-22.5000,1.337520e+02
0.7025,-22.5000,1.196141e+02
0.7250,-22.5000,1.071715e+02
0.7475,-22.5000,9.615470e+01
0.7700,-22.5000,8.635231e+01
0.7925,-22.5000,7.759654e+01
0.8150,-22.5000,6.975226e+01
0.8375,-22.5000,6.270897e+01
0.8600,-22.5000,5.637482e+01
0.8825,-22.5000,5.067225e+01
0.9050,-22.5000,4.553483e+01
0.9275,-22.5000,4.090493e+01
0.9500,-22.5000,3.673199e+01
0.0500,-21.2500,8.380626e+03
0.0725,-21.2500,6.694202e+03
0.0950,-21.2500,5.345842e+03
0.1175,-21.2500,4.268042e+03
0.1400,-21.2500,3.406776e+03
0.1625,-21.2500,2.718798e+03
0.1850,-21.2500,2.169494e+03
0.2075,-21.2500,1.731152e+03
0.2300,-21.2500,1.381585e+03
0.2525,-21.2500,1.103030e+03
0.2750,-21.2500,8.812661e+02
0.2975,-21.2500,7.049036e+02
0.3200,-21.2500,5.648221e+02
0.3425,-21.2500,4.537151e+02
0.3650,-21.2500,3.657268e+02
0.3875,-21.2500,2.961601e+02
0.4100,-21.2500,2.412436e+02
0.4325,-21.2500,1.979452e+02
0.4550,-21.2500,1.638242e+02
0.4775,-21.2500,1.369153e+02
0.5000,-21.2500,1.156387e+02
0.5225,-21.2500,9.873000e+01
0.5450,-21.2500,8.518568e+01
0.5675,-21.2500,7.421880e+01
0.5900,-21.2500,6.522113e+01
0.6125,-21.2500,5.772979e+01
0.6350,-21.2500,5.139757e+01
0.6575,-21.2500,4.596704e+01
0.6800,-21.2500,4.124877e+01
0.7025,-21.2500,3.710367e+01
0.7250,-21.2500,3.342924e+01
0.7475,-21.2500,3.014923e+01
0.7700,-21.2500,2.720598e+01
0.7925,-21.2500,2.455503e+01
0.8150,-21.2500,2.216119e+01
0.8375,-21.2500,1.999597e+01
0.8600,-21.2500,1.803561e+01
0.8825,-21.2500,1.625991e+01
0.9050,-21.2500,1.465130e+01
0.9275,-21.2500,1.319431e+01
0.9500,-21.2500,1.187507e+01
0.0500,-20.0000,4.169068e+03
0.0725,-20.0000,3.377814e+03
0.0950,-20.0000,2.737717e+03
0.1175,-20.0000,2.219907e+03
0.1400,-20.0000,1.801011e+03
0.1625,-20.0000,1.462110e+03
0.1850,-20.0000,1.187894e+03
0.2075,-20.0000,9.659762e+02
0.2300,-20.0000,7.863363e+02
0.2525,-20.0000,6.408703e+02
0.2750,-20.0000,5.230257e+02
0.2975,-20.0000,4.275054e+02
0.3200,-20.0000,3.500278e+02
0.3425,-20.0000,2.871336e+02
0.3650,-20.0000,2.360276e+02
0.3875,-20.0000,1.944524e+02
0.4100,-20.0000,1.605852e+02
0.4325,-20.0000,1.329541e+02
0.4550,-20.0000,1.103713e+02
0.4775,-20.0000,9.187817e+01
0.5000,-20.0000,7.670123e+01
0.5225,-20.0000,6.421647e+01
0.5450,-20.0000,5.392041e+01
0.5675,-20.0000,4.540681e+01
0.5900,-20.0000,3.834772e+01
0.6125,-20.0000,3.247827e+01
0.6350,-20.0000,2.758432e+01
0.6575,-20.0000,2.349254e+01
0.6800,-20.0000,2.006238e+01
0.7025,-20.0000,1.717965e+01
0.7250,-20.0000,1.475134e+01
0.7475,-20.0000,1.270147e+01
0.7700,-20.0000,1.096777e+01
0.7925,-20.0000,9.499017e+00
0.8150,-20.0000,8.252901e+00
0.8375,-20.0000,7.194337e+00
0.8600,-20.0000,6.294096e+00
0.8825,-20.0000,5.527723e+00
0.9050,-20.0000,4.874666e+00
0.9275,-20.0000,4.317588e+00
0.9500,-20.0000,3.841809e+00
0.0500,-18.7500,5.693663e+03
0.0725,-18.7500,4.722317e+03
0.0950,-18.7500,3.921483e+03
0.1175,-18.7500,3.260610e+03
0.1400,-18.7500,2.714707e+03
0.1625,-18.7500,2.263318e+03
0.1850,-18.7500,1.889690e+03
0.2075,-18.7500,1.580090e+03
0.2300,-18.7500,1.323256e+03
0.2525,-18.7500,1.109946e+03
0.2750,-18.7500,9.325672e+02
0.2975,-18.7500,7.848805e+02
0.3200,-18.7500,6.617539e+02
0.3425,-18.7500,5.589629e+02
0.3650,-18.7500,4.730273e+02
0.3875,-18.7500,4.010780e+02
0.4100,-18.7500,3.407474e+02
0.4325,-18.7500,2.900800e+02
0.4550,-18.7500,2.474594e+02
0.4775,-18.7500,2.115481e+02
0.5000,-18.7500,1.812383e+02
0.5225,-18.7500,1.556116e+02
0.5450,-18.7500,1.339056e+02
0.5675,-18.7500,1.154870e+02
0.5900,-18.7500,9.982867e+01
0.6125,-18.7500,8.649191e+01
0.6350,-18.7500,7.511069e+01
0.6575,-18.7500,6.537944e+01
0.6800,-18.7500,5.704265e+01
0.7025,-18.7500,4.988639e+01
0.7250,-18.7500,4.373130e+01
0.7475,-18.7500,3.842675e+01
0.7700,-18.7500,3.384608e+01
0.7925,-18.7500,2.988260e+01
0.8150,-18.7500,2.644631e+01
0.8375,-18.7500,2.346116e+01
0.8600,-18.7500,2.086277e+01
0.8825,-18.7500,1.859659e+01
0.9050,-18.7500,1.661627e+01
0.9275,-18.7500,1.488239e+01
0.9500,-18.7500,1.336136e+01
0.0500,-17.5000,2.351516e+03
0.0725,-17.5000,1.883547e+03
0.0950,-17.5000,1.505992e+03
0.1175,-17.5000,1.201630e+03
0.1400,-17.5000,9.565043e+02
0.1625,-17.5000,7.593040e+02
0.1850,-17.5000,6.008626e+02
0.2075,-17.5000,4.737519e+02
0.2300,-17.5000,3.719539e+02
0.2525,-17.5000,2.905942e+02
0.2750,-17.5000,2.257268e+02
0.2975,-17.5000,1.741592e+02
0.3200,-17.5000,1.333117e+02
0.3425,-17.5000,1.011033e+02
0.3650,-17.5000,7.586107e+01
0.3875,-17.5000,5.624811e+01
0.4100,-17.5000,4.120912e+01
0.4325,-17.5000,2.993057e+01
0.4550,-17.5000,2.180947e+01
0.4775,-17.5000,1.640408e+01
0.5000,-17.5000,1.330441e+01
0.5225,-17.5000,1.193651e+01
0.5450,-17.5000,1.157297e+01
0.5675,-17.5000,1.160554e+01
0.5900,-17.5000,1.168790e+01
0.6125,-17.5000,1.167361e+01
0.6350,-17.5000,1.152156e+01
0.6575,-17.5000,1.123700e+01
0.6800,-17.5000,1.084253e+01
0.7025,-17.5000,1.036499e+01
0.7250,-17.5000,9.829879e+00
0.7475,-17.5000,9.259245e+00
0.7700,-17.5000,8.671179e+00
0.7925,-17.5000,8.079975e+00
0.8150,-17.5000,7.496578e+00
0.8375,-17.5000,6.929096e+00
0.8600,-17.5000,6.383309e+00
0.8825,-17.5000,5.863127e+00
0.9050,-17.5000,5.370981e+00
0.9275,-17.5000,4.908152e+00
0.9500,-17.5000,4.475048e+00
0.0500,-16.2500,1.471581e+03
0.0725,-16.2500,1.194558e+03
0.0950,-16.2500,9.684702e+02
0.1175,-16.2500,7.841667e+02
0.1400,-16.2500,6.341142e+02
0.1625,-16.2500,5.121131e+02
0.1850,-16.2500,4.130653e+02
0.2075,-16.2500,3.327809e+02
0.2300,-16.2500,2.678190e+02
0.2525,-16.2500,2.153558e+02
0.2750,-16.2500,1.730755e+02
0.2975,-16.2500,1.390807e+02
0.3200,-16.2500,1.118172e+02
0.3425,-16.2500,9.001297e+01
0.3650,-16.2500,7.262699e+01
0.3875,-16.2500,5.880723e+01
0.4100,-16.2500,4.785605e+01
0.4325,-16.2500,3.920173e+01
0.4550,-16.2500,3.237557e+01
0.4775,-16.2500,2.699354e+01
0.5000,-16.2500,2.274215e+01
0.5225,-16.2500,1.936735e+01
0.5450,-16.2500,1.666588e+01
0.5675,-16.2500,1.447786e+01
0.5900,-16.2500,1.268009e+01
0.6125,-16.2500,1.117957e+01
0.6350,-16.2500,9.907439e+00
0.6575,-16.2500,8.813478e+00
0.6800,-16.2500,7.861384e+00
0.7025,-16.2500,7.024954e+00
0.7250,-16.2500,6.285129e+00
0.7475,-16.2500,5.627813e+00
0.7700,-16.2500,5.042299e+00
0.7925,-16.2500,4.520176e+00
0.8150,-16.2500,4.054587e+00
0.8375,-16.2500,3.639727e+00
0.8600,-16.2500,3.270521e+00
0.8825,-16.2500,2.942414e+00
0.9050,-16.2500,2.651247e+00
0.9275,-16.2500,2.393174e+00
0.9500,-16.2500,2.164623e+00
0.0500,-15.0000,3.940202e+03
0.0725,-15.0000,3.340532e+03
0.0950,-15.0000,2.835814e+03
0.1175,-15.0000,2.410575e+03
0.1400,-15.0000,2.051920e+03
0.1625,-15.0000,1.749095e+03
0.1850,-15.0000,1.493128e+03
0.2075,-15.0000,1.276521e+03
0.2300,-15.0000,1.093008e+03
0.2525,-15.0000,9.373476e+02
0.2750,-15.0000,8.051496e+02
0.2975,-15.0000,6.927358e+02
0.3200,-15.0000,5.970211e+02
0.3425,-15.0000,5.154163e+02
0.3650,-15.0000,4.457461e+02
0.3875,-15.0000,3.861814e+02
0.4100,-15.0000,3.351832e+02
0.4325,-15.0000,2.914550e+02
0.4550,-15.0000,2.539039e+02
0.4775,-15.0000,2.216077e+02
0.5000,-15.0000,1.937872e+02
0.5225,-15.0000,1.697840e+02
0.5450,-15.0000,1.490405e+02
0.5675,-15.0000,1.310844e+02
0.5900,-15.0000,1.155153e+02
0.6125,-15.0000,1.019931e+02
0.6350,-15.0000,9.022850e+01
0.6575,-15.0000,7.997563e+01
0.6800,-15.0000,7.102482e+01
0.7025,-15.0000,6.319724e+01
0.7250,-15.0000,5.634011e+01
0.7475,-15.0000,5.032277e+01
0.7700,-15.0000,4.503332e+01
0.7925,-15.0000,4.037579e+01
0.8150,-15.0000,3.626775e+01
0.8375,-15.0000,3.263831e+01
0.8600,-15.0000,2.942641e+01
0.8825,-15.0000,2.657939e+01
0.9050,-15.0000,2.405174e+01
0.9275,-15.0000,2.180411e+01
0.9500,-15.0000,1.980237e+01
0.0500,-13.7500,2.796814e+03
0.0725,-13.7500,2.371326e+03
0.0950,-13.7500,2.011202e+03
0.1175,-13.7500,1.706444e+03
0.1400,-13.7500,1.448580e+03
0.1625,-13.7500,1.230429e+03
0.1850,-13.7500,1.045906e+03
0.2075,-13.7500,8.898544e+02
0.2300,-13.7500,7.579014e+02
0.2525,-13.7500,6.463415e+02
0.2750,-13.7500,5.520334e+02
0.2975,-13.7500,4.723139e+02
0.3200,-13.7500,4.049251e+02
0.3425,-13.7500,3.479529e+02
0.3650,-13.7500,2.997742e+02
0.3875,-13.7500,2.590132e+02
0.4100,-13.7500,2.245035e+02
0.4325,-13.7500,1.952573e+02
0.4550,-13.7500,1.704380e+02
0.4775,-13.7500,1.493382e+02
0.5000,-13.7500,1.313604e+02
0.5225,-13.7500,1.160009e+02
0.5450,-13.7500,1.028362e+02
0.5675,-13.7500,9.151096e+01
0.5900,-13.7500,8.172805e+01
0.6125,-13.7500,7.323968e+01
0.6350,-13.7500,6.583986e+01
0.6575,-13.7500,5.935773e+01
0.6800,-13.7500,5.365188e+01
0.7025,-13.7500,4.860543e+01
0.7250,-13.7500,4.412178e+01
0.7475,-13.7500,4.012111e+01
0.7700,-13.7500,3.653729e+01
0.7925,-13.7500,3.331542e+01
0.8150,-13.7500,3.040974e+01
0.8375,-13.7500,2.778193e+01
0.8600,-13.7500,2.539973e+01
0.8825,-13.7500,2.323579e+01
0.9050,-13.7500,2.126679e+01
0.9275,-13.7500,1.947270e+01
0.9500,-13.7500,1.783619e+01
0.0500,-12.5000,1.741446e+03
0.0725,-12.5000,1.495444e+03
0.0950,-12.5000,1.285320e+03
0.1175,-12.5000,1.105754e+03
0.1400,-12.5000,9.522292e+02
0.1625,-12.5000,8.209039e+02
0.1850,-12.5000,7.085108e+02
0.2075,-12.5000,6.122692e+02
0.2300,-12.5000,5.298110e+02
0.2525,-12.5000,4.591191e+02
0.2750,-12.5000,3.984742e+02
0.2975,-12.5000,3.464107e+02
0.3200,-12.5000,3.016787e+02
0.3425,-12.5000,2.632117e+02
0.3650,-12.5000,2.300999e+02
0.3875,-12.5000,2.015671e+02
0.4100,-12.5000,1.769503e+02
0.4325,-12.5000,1.556841e+02
0.4550,-12.5000,1.372855e+02
0.4775,-12.5000,1.213425e+02
0.5000,-12.5000,1.075033e+02
0.5225,-12.5000,9.546784e+01
0.5450,-12.5000,8.497994e+01
0.5675,-12.5000,7.582114e+01
0.5900,-12.5000,6.780510e+01
0.6125,-12.5000,6.077285e+01
0.6350,-12.5000,5.458881e+01
0.6575,-12.5000,4.913732e+01
0.6800,-12.5000,4.431968e+01
0.7025,-12.5000,4.005162e+01
0.7250,-12.5000,3.626116e+01
0.7475,-12.5000,3.288674e+01
0.7700,-12.5000,2.987564e+01
0.7925,-12.5000,2.718268e+01
0.8150,-12.5000,2.476905e+01
0.8375,-12.5000,2.260136e+01
0.8600,-12.5000,2.065079e+01
0.8825,-12.5000,1.889246e+01
0.9050,-12.5000,1.730479e+01
0.9275,-12.5000,1.586903e+01
0.9500,-12.5000,1.456885e+01
0.0500,-11.2500,7.115748e+02
0.0725,-11.2500,6.085073e+02
0.0950,-11.2500,5.208980e+02
0.1175,-11.2500,4.463711e+02
0.1400,-11.2500,3.829239e+02
0.1625,-11.2500,3.288670e+02
0.1850,-11.2500,2.827736e+02
0.2075,-11.2500,2.434386e+02
0.2300,-11.2500,2.098427e+02
0.2525,-11.2500,1.811236e+02
0.2750,-11.2500,1.565513e+02
0.2975,-11.2500,1.355074e+02
0.3200,-11.2500,1.174678e+02
0.3425,-11.2500,1.019877e+02
0.3650,-11.2500,8.869011e+01
0.3875,-11.2500,7.725458e+01
0.4100,-11.2500,6.740905e+01
0.4325,-11.2500,5.892228e+01
0.4550,-11.2500,5.159762e+01
0.4775,-11.2500,4.526772e+01
0.5000,-11.2500,3.979014e+01
0.5225,-11.2500,3.504354e+01
0.5450,-11.2500,3.092449e+01
0.5675,-11.2500,2.734478e+01
0.5900,-11.2500,2.422912e+01
0.6125,-11.2500,2.151320e+01
0.6350,-11.2500,1.914207e+01
0.6575,-11.2500,1.706869e+01
0.6800,-11.2500,1.525281e+01
0.7025,-11.2500,1.365992e+01
0.7250,-11.2500,1.226039e+01
0.7475,-11.2500,1.102879e+01
0.7700,-11.2500,9.943245e+00
0.7925,-11.2500,8.984913e+00
0.8150,-11.2500,8.137550e+00
0.8375,-11.2500,7.387129e+00
0.8600,-11.2500,6.721522e+00
0.8825,-11.2500,6.130228e+00
0.9050,-11.2500,5.604141e+00
0.9275,-11.2500,5.135353e+00
0.9500,-11.2500,4.716989e+00
0.0500,-10.0000,1.830866e+02
0.0725,-10.0000,1.546285e+02
0.0950,-10.0000,1.303310e+02
0.1175,-10.0000,1.096203e+02
0.1400,-10.0000,9.199803e+01
0.1625,-10.0000,7.703252e+01
0.1850,-10.0000,6.434967e+01
0.2075,-10.0000,5.362583e+01
0.2300,-10.0000,4.458133e+01
0.2525,-10.0000,3.697485e+01
0.2750,-10.0000,3.059843e+01
0.2975,-10.0000,2.527320e+01
0.3200,-10.0000,2.084550e+01
0.3425,-10.0000,1.718356e+01
0.3650,-10.0000,1.417438e+01
0.3875,-10.0000,1.172100e+01
0.4100,-10.0000,9.739800e+00
0.4325,-10.0000,8.158000e+00
0.4550,-10.0000,6.911236e+00
0.4775,-10.0000,5.941506e+00
0.5000,-10.0000,5.195839e+00
0.5225,-10.0000,4.625988e+00
0.5450,-10.0000,4.189121e+00
0.5675,-10.0000,3.848909e+00
0.5900,-10.0000,3.576262e+00
0.6125,-10.0000,3.349258e+00
0.6350,-10.0000,3.152313e+00
0.6575,-10.0000,2.974936e+00
0.6800,-10.0000,2.810439e+00
0.7025,-10.0000,2.654799e+00
0.7250,-10.0000,2.505772e+00
0.7475,-10.0000,2.362246e+00
0.7700,-10.0000,2.223783e+00
0.7925,-10.0000,2.090326e+00
0.8150,-10.0000,1.961997e+00
0.8375,-10.0000,1.838979e+00
0.8600,-10.0000,1.721444e+00
0.8825,-10.0000,1.609517e+00
0.9050,-10.0000,1.503256e+00
0.9275,-10.0000,1.402650e+00
0.9500,-10.0000,1.307621e+00
0.0500,-8.7500,3.751170e+02
0.0725,-8.7500,3.297663e+02
0.0950,-8.7500,2.903057e+02
0.1175,-8.7500,2.559252e+02
0.1400,-8.7500,2.259320e+02
0.1625,-8.7500,1.997325e+02
0.1850,-8.7500,1.768178e+02
0.2075,-8.7500,1.567510e+02
0.2300,-8.7500,1.391560e+02
0.2525,-8.7500,1.237093e+02
0.2750,-8.7500,1.101319e+02
0.2975,-8.7500,9.818300e+01
0.3200,-8.7500,8.765447e+01
0.3425,-8.7500,7.836621e+01
0.3650,-8.7500,7.016224e+01
0.3875,-8.7500,6.290725e+01
0.4100,-8.7500,5.648375e+01
0.4325,-8.7500,5.078964e+01
0.4550,-8.7500,4.573604e+01
0.4775,-8.7500,4.124554e+01
0.5000,-8.7500,3.725062e+01
0.5225,-8.7500,3.369233e+01
0.5450,-8.7500,3.051917e+01
0.5675,-8.7500,2.768607e+01
0.5900,-8.7500,2.515356e+01
0.6125,-8.7500,2.288705e+01
0.6350,-8.7500,2.085618e+01
0.6575,-8.7500,1.903427e+01
0.6800,-8.7500,1.739789e+01
0.7025,-8.7500,1.592638e+01
0.7250,-8.7500,1.460158e+01
0.7475,-8.7500,1.340744e+01
0.7700,-8.7500,1.232981e+01
0.7925,-8.7500,1.135619e+01
0.8150,-8.7500,1.047549e+01
0.8375,-8.7500,9.677944e+00
0.8600,-8.7500,8.954853e+00
0.8825,-8.7500,8.298519e+00
0.9050,-8.7500,7.702103e+00
0.9275,-8.7500,7.159526e+00
0.9500,-8.7500,6.665377e+00
0.0500,-7.5000,9.436555e+01
0.0725,-7.5000,8.449436e+01
0.0950,-7.5000,7.557698e+01
0.1175,-7.5000,6.753675e+01
0.1400,-7.5000,6.029985e+01
0.1625,-7.5000,5.379597e+01
0.1850,-7.5000,4.795884e+01
0.2075,-7.5000,4.272643e+01
0.2300,-7.5000,3.804111e+01
0.2525,-7.5000,3.384964e+01
0.2750,-7.5000,3.010307e+01
0.2975,-7.5000,2.675656e+01
0.3200,-7.5000,2.376925e+01
0.3425,-7.5000,2.110398e+01
0.3650,-7.5000,1.872709e+01
0.3875,-7.5000,1.660813e+01
0.4100,-7.5000,1.471966e+01
0.4325,-7.5000,1.303699e+01
0.4550,-7.5000,1.153792e+01
0.4775,-7.5000,1.020256e+01
0.5000,-7.5000,9.013113e+00
0.5225,-7.5000,7.953650e+00
0.5450,-7.5000,7.009954e+00
0.5675,-7.5000,6.169341e+00
0.5900,-7.5000,5.420512e+00
0.6125,-7.5000,4.753402e+00
0.6350,-7.5000,4.159061e+00
0.6575,-7.5000,3.629532e+00
0.6800,-7.5000,3.157744e+00
0.7025,-7.5000,2.737426e+00
0.7250,-7.5000,2.363011e+00
0.7475,-7.5000,2.029575e+00
0.7700,-7.5000,1.732762e+00
0.7925,-7.5000,1.468739e+00
0.8150,-7.5000,1.234150e+00
0.8375,-7.5000,1.026098e+00
0.8600,-7.5000,8.421429e-01
0.8825,-7.5000,6.803516e-01
0.9050,-7.5000,5.394376e-01
0.9275,-7.5000,4.190876e-01
0.9500,-7.5000,3.206637e-01
0.0500,-6.2500,6.261167e+01
0.0725,-6.2500,5.545085e+01
0.0950,-6.2500,4.913812e+01
0.1175,-6.2500,4.357113e+01
0.1400,-6.2500,3.866072e+01
0.1625,-6.2500,3.432906e+01
0.1850,-6.2500,3.050806e+01
0.2075,-6.2500,2.713798e+01
0.2300,-6.2500,2.416633e+01
0.2525,-6.2500,2.154689e+01
0.2750,-6.2500,1.923890e+01
0.2975,-6.2500,1.720629e+01
0.3200,-6.2500,1.541715e+01
0.3425,-6.2500,1.384313e+01
0.3650,-6.2500,1.245906e+01
0.3875,-6.2500,1.124251e+01
0.4100,-6.2500,1.017349e+01
0.4325,-6.2500,9.234154e+00
0.4550,-6.2500,8.408574e+00
0.4775,-6.2500,7.682528e+00
0.5000,-6.2500,7.043337e+00
0.5225,-6.2500,6.479719e+00
0.5450,-6.2500,5.981664e+00
0.5675,-6.2500,5.540331e+00
0.5900,-6.2500,5.147944e+00
0.6125,-6.2500,4.797703e+00
0.6350,-6.2500,4.483701e+00
0.6575,-6.2500,4.200830e+00
0.6800,-6.2500,3.944710e+00
0.7025,-6.2500,3.711601e+00
0.7250,-6.2500,3.498329e+00
0.7475,-6.2500,3.302217e+00
0.7700,-6.2500,3.121011e+00
0.7925,-6.2500,2.952827e+00
0.8150,-6.2500,2.796091e+00
0.8375,-6.2500,2.649490e+00
0.8600,-6.2500,2.511933e+00
0.8825,-6.2500,2.382511e+00
0.9050,-6.2500,2.260467e+00
0.9275,-6.2500,2.145169e+00
0.9500,-6.2500,2.036090e+00
0.0500,-5.0000,9.337051e+01
0.0725,-5.0000,8.645074e+01
0.0950,-5.0000,8.014949e+01
0.1175,-5.0000,7.440210e+01
0.1400,-5.0000,6.915163e+01
0.1625,-5.0000,6.434781e+01
0.1850,-5.0000,5.994622e+01
0.2075,-5.0000,5.590748e+01
0.2300,-5.0000,5.219667e+01
0.2525,-5.0000,4.878271e+01
0.2750,-5.0000,4.563791e+01
0.2975,-5.0000,4.273757e+01
0.3200,-5.0000,4.005958e+01
0.3425,-5.0000,3.758414e+01
0.3650,-5.0000,3.529348e+01
0.3875,-5.0000,3.317162e+01
0.4100,-5.0000,3.120417e+01
0.4325,-5.0000,2.937815e+01
0.4550,-5.0000,2.768184e+01
0.4775,-5.0000,2.610460e+01
0.5000,-5.0000,2.463683e+01
0.5225,-5.0000,2.326980e+01
0.5450,-5.0000,2.199555e+01
0.5675,-5.0000,2.080688e+01
0.5900,-5.0000,1.969720e+01
0.6125,-5.0000,1.866050e+01
0.6350,-5.0000,1.769129e+01
0.6575,-5.0000,1.678455e+01
0.6800,-5.0000,1.593567e+01
0.7025,-5.0000,1.514046e+01
0.7250,-5.0000,1.439503e+01
0.7475,-5.0000,1.369584e+01
0.7700,-5.0000,1.303961e+01
0.7925,-5.0000,1.242333e+01
0.8150,-5.0000,1.184424e+01
0.8375,-5.0000,1.129978e+01
0.8600,-5.0000,1.078759e+01
0.8825,-5.0000,1.030549e+01
0.9050,-5.0000,9.851465e+00
0.9275,-5.0000,9.423660e+00
0.9500,-5.0000,9.020347e+00
0.0500,-3.7500,2.375442e+01
0.0725,-3.7500,2.276040e+01
0.0950,-3.7500,2.181403e+01
0.1175,-3.7500,2.091238e+01
0.1400,-3.7500,2.005291e+01
0.1625,-3.7500,1.923336e+01
0.1850,-3.7500,1.845168e+01
0.2075,-3.7500,1.770603e+01
0.2300,-3.7500,1.699468e+01
0.2525,-3.7500,1.631601e+01
0.2750,-3.7500,1.566851e+01
0.2975,-3.7500,1.505074e+01
0.3200,-3.7500,1.446133e+01
0.3425,-3.7500,1.389898e+01
0.3650,-3.7500,1.336244e+01
0.3875,-3.7500,1.285052e+01
0.4100,-3.7500,1.236206e+01
0.4325,-3.7500,1.189599e+01
0.4550,-3.7500,1.145124e+01
0.4775,-3.7500,1.102682e+01
0.5000,-3.7500,1.062175e+01
0.5225,-3.7500,1.023513e+01
0.5450,-3.7500,9.866062e+00
0.5675,-3.7500,9.513720e+00
0.5900,-3.7500,9.177296e+00
0.6125,-3.7500,8.856027e+00
0.6350,-3.7500,8.549183e+00
0.6575,-3.7500,8.256068e+00
0.6800,-3.7500,7.976021e+00
0.7025,-3.7500,7.708410e+00
0.7250,-3.7500,7.452636e+00
0.7475,-3.7500,7.208128e+00
0.7700,-3.7500,6.974344e+00
0.7925,-3.7500,6.750767e+00
0.8150,-3.7500,6.536906e+00
0.8375,-3.7500,6.332297e+00
0.8600,-3.7500,6.136495e+00
0.8825,-3.7500,5.949080e+00
0.9050,-3.7500,5.769653e+00
0.9275,-3.7500,5.597834e+00
0.9500,-3.7500,5.433263e+00
0.0500,-2.5000,1.680948e+00
0.0725,-2.5000,1.678923e+00
0.0950,-2.5000,1.671443e+00
0.1175,-2.5000,1.659400e+00
0.1400,-2.5000,1.643572e+00
0.1625,-2.5000,1.624634e+00
0.1850,-2.5000,1.603171e+00
0.2075,-2.5000,1.579690e+00
0.2300,-2.5000,1.554629e+00
0.2525,-2.5000,1.528366e+00
0.2750,-2.5000,1.501226e+00
0.2975,-2.5000,1.473486e+00
0.3200,-2.5000,1.445386e+00
0.3425,-2.5000,1.417129e+00
0.3650,-2.5000,1.388888e+00
0.3875,-2.5000,1.360811e+00
0.4100,-2.5000,1.333022e+00
0.4325,-2.5000,1.305626e+00
0.4550,-2.5000,1.278708e+00
0.4775,-2.5000,1.252343e+00
0.5000,-2.5000,1.226589e+00
0.5225,-2.5000,1.201495e+00
0.5450,-2.5000,1.177100e+00
0.5675,-2.5000,1.153435e+00
0.5900,-2.5000,1.130524e+00
0.6125,-2.5000,1.108383e+00
0.6350,-2.5000,1.087026e+00
0.6575,-2.5000,1.066461e+00
0.6800,-2.5000,1.046691e+00
0.7025,-2.5000,1.027717e+00
0.7250,-2.5000,1.009536e+00
0.7475,-2.5000,9.921440e-01
0.7700,-2.5000,9.755343e-01
0.7925,-2.5000,9.596979e-01
0.8150,-2.5000,9.446246e-01
0.8375,-2.5000,9.303028e-01
0.8600,-2.5000,9.167198e-01
0.8825,-2.5000,9.038617e-01
0.9050,-2.5000,8.917139e-01
0.9275,-2.5000,8.802611e-01
0.9500,-2.5000,8.694871e-01
0.0500,-1.2500,5.688414e-02
0.0725,-1.2500,6.073655e-02
0.0950,-1.2500,6.415213e-02
0.1175,-1.2500,6.714527e-02
0.1400,-1.2500,6.973966e-02
0.1625,-1.2500,7.196279e-02
0.1850,-1.2500,7.384297e-02
0.2075,-1.2500,7.540776e-02
0.2300,-1.2500,7.668322e-02
0.2525,-1.2500,7.769346e-02
0.2750,-1.2500,7.846056e-02
0.2975,-1.2500,7.900458e-02
0.3200,-1.2500,7.934363e-02
0.3425,-1.2500,7.949403e-02
0.3650,-1.2500,7.947045e-02
0.3875,-1.2500,7.928610e-02
0.4100,-1.2500,7.895290e-02
0.4325,-1.2500,7.848165e-02
0.4550,-1.2500,7.788224e-02
0.4775,-1.2500,7.716379e-02
0.5000,-1.2500,7.633487e-02
0.5225,-1.2500,7.540364e-02
0.5450,-1.2500,7.437809e-02
0.5675,-1.2500,7.326621e-02
0.5900,-1.2500,7.207624e-02
0.6125,-1.2500,7.081683e-02
0.6350,-1.2500,6.949738e-02
0.6575,-1.2500,6.812829e-02
0.6800,-1.2500,6.672126e-02
0.7025,-1.2500,6.528965e-02
0.7250,-1.2500,6.384886e-02
0.7475,-1.2500,6.241676e-02
0.7700,-1.2500,6.101407e-02
0.7925,-1.2500,5.966483e-02
0.8150,-1.2500,5.839670e-02
0.8375,-1.2500,5.724121e-02
0.8600,-1.2500,5.623383e-02
0.8825,-1.2500,5.541358e-02
0.9050,-1.2500,5.482232e-02
0.9275,-1.2500,5.450353e-02
0.9500,-1.2500,5.450040e-02
0.0500,0.0000,3.164909e-04
0.0725,0.0000,6.528193e-04
0.0950,0.0000,1.100205e-03
0.1175,0.0000,1.652866e-03
0.1400,0.0000,2.305639e-03
0.1625,0.0000,3.053959e-03
0.1850,0.0000,3.893843e-03
0.2075,0.0000,4.821867e-03
0.2300,0.0000,5.835149e-03
0.2525,0.0000,6.931324e-03
0.2750,0.0000,8.108529e-03
0.2975,0.0000,9.365381e-03
0.3200,0.0000,1.070096e-02
0.3425,0.0000,1.211481e-02
0.3650,0.0000,1.360690e-02
0.3875,0.0000,1.517764e-02
0.4100,0.0000,1.682784e-02
0.4325,0.0000,1.855877e-02
0.4550,0.0000,2.037208e-02
0.4775,0.0000,2.226984e-02
0.5000,0.0000,2.425458e-02
0.5225,0.0000,2.632921e-02
0.5450,0.0000,2.849712e-02
0.5675,0.0000,3.076213e-02
0.5900,0.0000,3.312854e-02
0.6125,0.0000,3.560115e-02
0.6350,0.0000,3.818525e-02
0.6575,0.0000,4.088670e-02
0.6800,0.0000,4.371193e-02
0.7025,0.0000,4.666799e-02
0.7250,0.0000,4.976258e-02
0.7475,0.0000,5.300410e-02
0.7700,0.0000,5.640173e-02
0.7925,0.0000,5.996544e-02
0.8150,0.0000,6.370614e-02
0.8375,0.0000,6.763565e-02
0.8600,0.0000,7.176688e-02
0.8825,0.0000,7.611388e-02
0.9050,0.0000,8.069198e-02
0.9275,0.0000,8.551787e-02
0.9500,0.0000,9.060978e-02
0.0500,1.2500,5.688414e-02
0.0725,1.2500,6.073655e-02
0.0950,1.2500,6.415213e-02
0.1175,1.2500,6.714527e-02
0.1400,1.2500,6.973966e-02
0.1625,1.2500,7.196279e-02
0.1850,1.2500,7.384297e-02
0.2075,1.2500,7.540776e-02
0.2300,1.2500,7.668322e-02
0.2525,1.2500,7.769346e-02
0.2750,1.2500,7.846056e-02
0.2975,1.2500,7.900458e-02
0.3200,1.2500,7.934363e-02
0.3425,1.2500,7.949403e-02
0.3650,1.2500,7.947045e-02
0.3875,1.2500,7.928610e-02
0.4100,1.2500,7.895290e-02
0.4325,1.2500,7.848165e-02
0.4550,1.2500,7.788224e-02
0.4775,1.2500,7.716379e-02
0.5000,1.2500,7.633487e-02
0.5225,1.2500,7.540364e-02
0.5450,1.2500,7.437809e-02
0.5675,1.2500,7.326621e-02
0.5900,1.2500,7.207624e-02
0.6125,1.2500,7.081683e-02
0.6350,1.2500,6.949738e-02
0.6575,1.2500,6.812829e-02
0.6800,1.2500,6.672126e-02
0.7025,1.2500,6.528965e-02
0.7250,1.2500,6.384886e-02
0.7475,1.2500,6.241676e-02
0.7700,1.2500,6.101407e-02
0.7925,1.2500,5.966483e-02
0.8150,1.2500,5.839670e-02
0.8375,1.2500,5.724121e-02
0.8600,1.2500,5.623383e-02
0.8825,1.2500,5.541358e-02
0.9050,1.2500,5.482232e-02
0.9275,1.2500,5.450353e-02
0.9500,1.2500,5.450040e-02
0.0500,2.5000,1.680948e+00
0.0725,2.5000,1.678923e+00
0.0950,2.5000,1.671443e+00
0.1175,2.5000,1.659400e+00
0.1400,2.5000,1.643572e+00
0.1625,2.5000,1.624634e+00
0.1850,2.5000,1.603171e+00
0.2075,2.5000,1.579690e+00
0.2300,2.5000,1.554629e+00
0.2525,2.5000,1.528366e+00
0.2750,2.5000,1.501226e+00
0.2975,2.5000,1.473486e+00
0.3200,2.5000,1.445386e+00
0.3425,2.5000,1.417129e+00
0.3650,2.5000,1.388888e+00
0.3875,2.5000,1.360811e+00
0.4100,2.5000,1.333022e+00
0.4325,2.5000,1.305626e+00
0.4550,2.5000,1.278708e+00
0.4775,2.5000,1.252343e+00
0.5000,2.5000,1.226589e+00
0.5225,2.5000,1.201495e+00
0.5450,2.5000,1.177100e+00
0.5675,2.5000,1.153435e+00
0.5900,2.5000,1.130524e+00
0.6125,2.5000,1.108383e+00
0.6350,2.5000,1.087026e+00
0.6575,2.5000,1.066461e+00
0.6800,2.5000,1.046691e+00
0.7025,2.5000,1.027717e+00
0.7250,2.5000,1.009536e+00
0.7475,2.5000,9.921440e-01
0.7700,2.5000,9.755343e-01
0.7925,2.5000,9.596979e-01
0.8150,2.5000,9.446246e-01
0.8375,2.5000,9.303028e-01
0.8600,2.5000,9.167198e-01
0.8825,2.5000,9.038617e-01
0.9050,2.5000,8.917139e-01
0.9275,2.5000,8.802611e-01
0.9500,2.5000,8.694871e-01
0.0500,3.7500,2.375442e+01
0.0725,3.7500,2.276040e+01
0.0950,3.7500,2.181403e+01
0.1175,3.7500,2.091238e+01
0.1400,3.7500,2.005291e+01
0.1625,3.7500,1.923336e+01
0.1850,3.7500,1.845168e+01
0.2075,3.7500,1.770603e+01
0.2300,3.7500,1.699468e+01
0.2525,3.7500,1.631601e+01
0.2750,3.7500,1.566851e+01
0.2975,3.7500,1.505074e+01
0.3200,3.7500,1.446133e+01
0.3425,3.7500,1.389898e+01
0.3650,3.7500,1.336244e+01
0.3875,3.7500,1.285052e+01
0.4100,3.7500,1.236206e+01
0.4325,3.7500,1.189599e+01
0.4550,3.7500,1.145124e+01
0.4775,3.7500,1.102682e+01
0.5000,3.7500,1.062175e+01
0.5225,3.7500,1.023513e+01
0.5450,3.7500,9.866062e+00
0.5675,3.7500,9.513720e+00
0.5900,3.7500,9.177296e+00
0.6125,3.7500,8.856027e+00
0.6350,3.7500,8.549183e+00
0.6575,3.7500,8.256068e+00
0.6800,3.7500,7.976021e+00
0.7025,3.7500,7.708410e+00
0.7250,3.7500,7.452636e+00
0.7475,3.7500,7.208128e+00
0.7700,3.7500,6.974344e+00
0.7925,3.7500,6.750767e+00
0.8150,3.7500,6.536906e+00
0.8375,3.7500,6.332297e+00
0.8600,3.7500,6.136495e+00
0.8825,3.7500,5.949080e+00
0.9050,3.7500,5.769653e+00
0.9275,3.7500,5.597834e+00
0.9500,3.7500,5.433263e+00
0.0500,5.0000,9.337051e+01
0.0725,5.0000,8.645074e+01
0.0950,5.0000,8.014949e+01
0.1175,5.0000,7.440210e+01
0.1400,5.0000,6.915163e+01
0.1625,5.0000,6.434781e+01
0.1850,5.0000,5.994622e+01
0.2075,5.0000,5.590748e+01
0.2300,5.0000,5.219667e+01
0.2525,5.0000,4.878271e+01
0.2750,5.0000,4.563791e+01
0.2975,5.0000,4.273757e+01
0.3200,5.0000,4.005958e+01
0.3425,5.0000,3.758414e+01
0.3650,5.0000,3.529348e+01
0.3875,5.0000,3.317162e+01
0.4100,5.0000,3.120417e+01
0.4325,5.0000,2.937815e+01
0.4550,5.0000,2.768184e+01
0.4775,5.0000,2.610460e+01
0.5000,5.0000,2.463683e+01
0.5225,5.0000,2.326980e+01
0.5450,5.0000,2.199555e+01
0.5675,5.0000,2.080688e+01
0.5900,5.0000,1.969720e+01
0.6125,5.0000,1.866050e+01
0.6350,5.0000,1.769129e+01
0.6575,5.0000,1.678455e+01
0.6800,5.0000,1.593567e+01
0.7025,5.0000,1.514046e+01
0.7250,5.0000,1.439503e+01
0.7475,5.0000,1.369584e+01
0.7700,5.0000,1.303961e+01
0.7925,5.0000,1.242333e+01
0.8150,5.0000,1.184424e+01
0.8375,5.0000,1.129978e+01
0.8600,5.0000,1.078759e+01
0.8825,5.0000,1.030549e+01
0.9050,5.0000,9.851465e+00
0.9275,5.0000,9.423660e+00
0.9500,5.0000,9.020347e+00
0.0500,6.2500,6.261167e+01
0.0725,6.2500,5.545085e+01
0.0950,6.2500,4.913812e+01
0.1175,6.2500,4.357113e+01
0.1400,6.2500,3.866072e+01
0.1625,6.2500,3.432906e+01
0.1850,6.2500,3.050806e+01
0.2075,6.2500,2.713798e+01
0.2300,6.2500,2.416633e+01
0.2525,6.2500,2.154689e+01
0.2750,6.2500,1.923890e+01
0.2975,6.2500,1.720629e+01
0.3200,6.2500,1.541715e+01
0.3425,6.2500,1.384313e+01
0.3650,6.2500,1.245906e+01
0.3875,6.2500,1.124251e+01
0.4100,6.2500,1.017349e+01
0.4325,6.2500,9.234154e+00
0.4550,6.2500,8.408574e+00
0.4775,6.2500,7.682528e+00
0.5000,6.2500,7.043337e+00
0.5225,6.2500,6.479719e+00
0.5450,6.2500,5.981664e+00
0.5675,6.2500,5.540331e+00
0.5900,6.2500,5.147944e+00
0.6125,6.2500,4.797703e+00
0.6350,6.2500,4.483701e+00
0.6575,6.2500,4.200830e+00
0.6800,6.2500,3.944710e+00
0.7025,6.2500,3.711601e+00
0.7250,6.2500,3.498329e+00
0.7475,6.2500,3.302217e+00
0.7700,6.2500,3.121011e+00
0.7925,6.2500,2.952827e+00
0.8150,6.2500,2.796091e+00
0.8375,6.2500,2.649490e+00
0.8600,6.2500,2.511933e+00
0.8825,6.2500,2.382511e+00
0.9050,6.2500,2.260467e+00
0.9275,6.2500,2.145169e+00
0.9500,6.2500,2.036090e+00
0.0500,7.5000,9.436555e+01
0.0725,7.5000,8.449436e+01
0.0950,7.5000,7.557698e+01
0.1175,7.5000,6.753675e+01
0.1400,7.5000,6.029985e+01
0.1625,7.5000,5.379597e+01
0.1850,7.5000,4.795884e+01
0.2075,7.5000,4.272643e+01
0.2300,7.5000,3.804111e+01
0.2525,7.5000,3.384964e+01
0.2750,7.5000,3.010307e+01
0.2975,7.5000,2.675656e+01
0.3200,7.5000,2.376925e+01
0.3425,7.5000,2.110398e+01
0.3650,7.5000,1.872709e+01
0.3875,7.5000,1.660813e+01
0.4100,7.5000,1.471966e+01
0.4325,7.5000,1.303699e+01
0.4550,7.5000,1.153792e+01
0.4775,7.5000,1.020256e+01
0.5000,7.5000,9.013113e+00
0.5225,7.5000,7.953650e+00
0.5450,7.5000,7.009954e+00
0.5675,7.5000,6.169341e+00
0.5900,7.5000,5.420512e+00
0.6125,7.5000,4.753402e+00
0.6350,7.5000,4.159061e+00
0.6575,7.5000,3.629532e+00
0.6800,7.5000,3.157744e+00
0.7025,7.5000,2.737426e+00
0.7250,7.5000,2.363011e+00
0.7475,7.5000,2.029575e+00
0.7700,7.5000,1.732762e+00
0.7925,7.5000,1.468739e+00
0.8150,7.5000,1.234150e+00
0.8375,7.5000,1.026098e+00
0.8600,7.5000,8.421429e-01
0.8825,7.5000,6.803516e-01
0.9050,7.5000,5.394376e-01
0.9275,7.5000,4.190876e-01
0.9500,7.5000,3.206637e-01
0.0500,8.7500,3.751170e+02
0.0725,8.7500,3.297663e+02
0.0950,8.7500,2.903057e+02
0.1175,8.7500,2.559252e+02
0.1400,8.7500,2.259320e+02
0.1625,8.7500,1.997325e+02
0.1850,8.7500,1.768178e+02
0.2075,8.7500,1.567510e+02
0.2300,8.7500,1.391560e+02
0.2525,8.7500,1.237093e+02
0.2750,8.7500,1.101319e+02
0.2975,8.7500,9.818300e+01
0.3200,8.7500,8.765447e+01
0.3425,8.7500,7.836621e+01
0.3650,8.7500,7.016224e+01
0.3875,8.7500,6.290725e+01
0.4100,8.7500,5.648375e+01
0.4325,8.7500,5.078964e+01
0.4550,8.7500,4.573604e+01
0.4775,8.7500,4.124554e+01
0.5000,8.7500,3.725062e+01
0.5225,8.7500,3.369233e+01
0.5450,8.7500,3.051917e+01
0.5675,8.7500,2.768607e+01
0.5900,8.7500,2.515356e+01
0.6125,8.7500,2.288705e+01
0.6350,8.7500,2.085618e+01
0.6575,8.7500,1.903427e+01
0.6800,8.7500,1.739789e+01
0.7025,8.7500,1.592638e+01
0.7250,8.7500,1.460158e+01
0.7475,8.7500,1.340744e+01
0.7700,8.7500,1.232981e+01
0.7925,8.7500,1.135619e+01
0.8150,8.7500,1.047549e+01
0.8375,8.7500,9.677944e+00
0.8600,8.7500,8.954853e+00
0.8825,8.7500,8.298519e+00
0.9050,8.7500,7.702103e+00
0.9275,8.7500,7.159526e+00
0.9500,8.7500,6.665377e+00
0.0500,10.0000,1.830866e+02
0.0725,10.0000,1.546285e+02
0.0950,10.0000,1.303310e+02
0.1175,10.0000,1.096203e+02
0.1400,10.0000,9.199803e+01
0.1625,10.0000,7.703252e+01
0.1850,10.0000,6.434967e+01
0.2075,10.0000,5.362583e+01
0.2300,10.0000,4.458133e+01
0.2525,10.0000,3.697485e+01
0.2750,10.0000,3.059843e+01
0.2975,10.0000,2.527320e+01
0.3200,10.0000,2.084550e+01
0.3425,10.0000,1.718356e+01
0.3650,10.0000,1.417438e+01
0.3875,10.0000,1.172100e+01
0.4100,10.0000,9.739800e+00
0.4325,10.0000,8.158000e+00
0.4550,10.0000,6.911236e+00
0.4775,10.0000,5.941506e+00
0.5000,10.0000,5.195839e+00
0.5225,10.0000,4.625988e+00
0.5450,10.0000,4.189121e+00
0.5675,10.0000,3.848909e+00
0.5900,10.0000,3.576262e+00
0.6125,10.0000,3.349258e+00
0.6350,10.0000,3.152313e+00
0.6575,10.0000,2.974936e+00
0.6800,10.0000,2.810439e+00
0.7025,10.0000,2.654799e+00
0.7250,10.0000,2.505772e+00
0.7475,10.0000,2.362246e+00
0.7700,10.0000,2.223783e+00
0.7925,10.0000,2.090326e+00
0.8150,10.0000,1.961997e+00
0.8375,10.0000,1.838979e+00
0.8600,10.0000,1.721444e+00
0.8825,10.0000,1.609517e+00
0.9050,10.0000,1.503256e+00
0.9275,10.0000,1.402650e+00
0.9500,10.0000,1.307621e+00
0.0500,11.2500,7.115748e+02
0.0725,11.2500,6.085073e+02
0.0950,11.2500,5.208980e+02
0.1175,11.2500,4.463711e+02
0.1400,11.2500,3.829239e+02
0.1625,11.2500,3.288670e+02
0.1850,11.2500,2.827736e+02
0.2075,11.2500,2.434386e+02
0.2300,11.2500,2.098427e+02
0.2525,11.2500,1.811236e+02
0.2750,11.2500,1.565513e+02
0.2975,11.2500,1.355074e+02
0.3200,11.2500,1.174678e+02
0.3425,11.2500,1.019877e+02
0.3650,11.2500,8.869011e+01
0.3875,11.2500,7.725458e+01
0.4100,11.2500,6.740905e+01
0.4325,11.2500,5.892228e+01
0.4550,11.2500,5.159762e+01
0.4775,11.2500,4.526772e+01
0.5000,11.2500,3.979014e+01
0.5225,11.2500,3.504354e+01
0.5450,11.2500,3.092449e+01
0.5675,11.2500,2.734478e+01
0.5900,11.2500,2.422912e+01
0.6125,11.2500,2.151320e+01
0.6350,11.2500,1.914207e+01
0.6575,11.2500,1.706869e+01
0.6800,11.2500,1.525281e+01
0.7025,11.2500,1.365992e+01
0.7250,11.2500,1.226039e+01
0.7475,11.2500,1.102879e+01
0.7700,11.2500,9.943245e+00
0.7925,11.2500,8.984913e+00
0.8150,11.2500,8.137550e+00
0.8375,11.2500,7.387129e+00
0.8600,11.2500,6.721522e+00
0.8825,11.2500,6.130228e+00
0.9050,11.2500,5.604141e+00
0.9275,11.2500,5.135353e+00
0.9500,11.2500,4.716989e+00
0.0500,12.5000,1.741446e+03
0.0725,12.5000,1.495444e+03
0.0950,12.5000,1.285320e+03
0.1175,12.5000,1.105754e+03
0.1400,12.5000,9.522292e+02
0.1625,12.5000,8.209039e+02
0.1850,12.5000,7.085108e+02
0.2075,12.5000,6.122692e+02
0.2300,12.5000,5.298110e+02
0.2525,12.5000,4.591191e+02
0.2750,12.5000,3.984742e+02
0.2975,12.5000,3.464107e+02
0.3200,12.5000,3.016787e+02
0.3425,12.5000,2.632117e+02
0.3650,12.5000,2.300999e+02
0.3875,12.5000,2.015671e+02
0.4100,12.5000,1.769503e+02
0.4325,12.5000,1.556841e+02
0.4550,12.5000,1.372855e+02
0.4775,12.5000,1.213425e+02
0.5000,12.5000,1.075033e+02
0.5225,12.5000,9.546784e+01
0.5450,12.5000,8.497994e+01
0.5675,12.5000,7.582114e+01
0.5900,12.5000,6.780510e+01
0.6125,12.5000,6.077285e+01
0.6350,12.5000,5.458881e+01
0.6575,12.5000,4.913732e+01
0.6800,12.5000,4.431968e+01
0.7025,12.5000,4.005162e+01
0.7250,12.5000,3.626116e+01
0.7475,12.5000,3.288674e+01
0.7700,12.5000,2.987564e+01
0.7925,12.5000,2.718268e+01
0.8150,12.5000,2.476905e+01
0.8375,12.5000,2.260136e+01
0.8600,12.5000,2.065079e+01
0.8825,12.5000,1.889246e+01
0.9050,12.5000,1.730479e+01
0.9275,12.5000,1.586903e+01
0.9500,12.5000,1.456885e+01
0.0500,13.7500,2.796814e+03
0.0725,13.7500,2.371326e+03
0.0950,13.7500,2.011202e+03
0.1175,13.7500,1.706444e+03
0.1400,13.7500,1.448580e+03
0.1625,13.7500,1.230429e+03
0.1850,13.7500,1.045906e+03
0.2075,13.7500,8.898544e+02
0.2300,13.7500,7.579014e+02
0.2525,13.7500,6.463415e+02
0.2750,13.7500,5.520334e+02
0.2975,13.7500,4.723139e+02
0.3200,13.7500,4.049251e+02
0.3425,13.7500,3.479529e+02
0.3650,13.7500,2.997742e+02
0.3875,13.7500,2.590132e+02
0.4100,13.7500,2.245035e+02
0.4325,13.7500,1.952573e+02
0.4550,13.7500,1.704380e+02
0.4775,13.7500,1.493382e+02
0.5000,13.7500,1.313604e+02
0.5225,13.7500,1.160009e+02
0.5450,13.7500,1.028362e+02
0.5675,13.7500,9.151096e+01
0.5900,13.7500,8.172805e+01
0.6125,13.7500,7.323968e+01
0.6350,13.7500,6.583986e+01
0.6575,13.7500,5.935773e+01
0.6800,13.7500,5.365188e+01
0.7025,13.7500,4.860543e+01
0.7250,13.7500,4.412178e+01
0.7475,13.7500,4.012111e+01
0.7700,13.7500,3.653729e+01
0.7925,13.7500,3.331542e+01
0.8150,13.7500,3.040974e+01
0.8375,13.7500,2.778193e+01
0.8600,13.7500,2.539973e+01
0.8825,13.7500,2.323579e+01
0.9050,13.7500,2.126679e+01
0.9275,13.7500,1.947270e+01
0.9500,13.7500,1.783619e+01
0.0500,15.0000,3.940202e+03
0.0725,15.0000,3.340532e+03
0.0950,15.0000,2.835814e+03
0.1175,15.0000,2.410575e+03
0.1400,15.0000,2.051920e+03
0.1625,15.0000,1.749095e+03
0.1850,15.0000,1.493128e+03
0.2075,15.0000,1.276521e+03
0.2300,15.0000,1.093008e+03
0.2525,15.0000,9.373476e+02
0.2750,15.0000,8.051496e+02
0.2975,15.0000,6.927358e+02
0.3200,15.0000,5.970211e+02
0.3425,15.0000,5.154163e+02
0.3650,15.0000,4.457461e+02
0.3875,15.0000,3.861814e+02
0.4100,15.0000,3.351832e+02
0.4325,15.0000,2.914550e+02
0.4550,15.0000,2.539039e+02
0.4775,15.0000,2.216077e+02
0.5000,15.0000,1.937872e+02
0.5225,15.0000,1.697840e+02
0.5450,15.0000,1.490405e+02
0.5675,15.0000,1.310844e+02
0.5900,15.0000,1.155153e+02
0.6125,15.0000,1.019931e+02
0.6350,15.0000,9.022850e+01
0.6575,15.0000,7.997563e+01
0.6800,15.0000,7.102482e+01
0.7025,15.0000,6.319724e+01
0.7250,15.0000,5.634011e+01
0.7475,15.0000,5.032277e+01
0.7700,15.0000,4.503332e+01
0.7925,15.0000,4.037579e+01
0.8150,15.0000,3.626775e+01
0.8375,15.0000,3.263831e+01
0.8600,15.0000,2.942641e+01
0.8825,15.0000,2.657939e+01
0.9050,15.0000,2.405174e+01
0.9275,15.0000,2.180411e+01
0.9500,15.0000,1.980237e+01
0.0500,16.2500,1.471581e+03
0.0725,16.2500,1.194558e+03
0.0950,16.2500,9.684702e+02
0.1175,16.2500,7.841667e+02
0.1400,16.2500,6.341142e+02
0.1625,16.2500,5.121131e+02
0.1850,16.2500,4.130653e+02
0.2075,16.2500,3.327809e+02
0.2300,16.2500,2.678190e+02
0.2525,16.2500,2.153558e+02
0.2750,16.2500,1.730755e+02
0.2975,16.2500,1.390807e+02
0.3200,16.2500,1.118172e+02
0.3425,16.2500,9.001297e+01
0.3650,16.2500,7.262699e+01
0.3875,16.2500,5.880723e+01
0.4100,16.2500,4.785605e+01
0.4325,16.2500,3.920173e+01
0.4550,16.2500,3.237557e+01
0.4775,16.2500,2.699354e+01
0.5000,16.2500,2.274215e+01
0.5225,16.2500,1.936735e+01
0.5450,16.2500,1.666588e+01
0.5675,16.2500,1.447786e+01
0.5900,16.2500,1.268009e+01
0.6125,16.2500,1.117957e+01
0.6350,16.2500,9.907439e+00
0.6575,16.2500,8.813478e+00
0.6800,16.2500,7.861384e+00
0.7025,16.2500,7.024954e+00
0.7250,16.2500,6.285129e+00
0.7475,16.2500,5.627813e+00
0.7700,16.2500,5.042299e+00
0.7925,16.2500,4.520176e+00
0.8150,16.2500,4.054587e+00
0.8375,16.2500,3.639727e+00
0.8600,16.2500,3.270521e+00
0.8825,16.2500,2.942414e+00
0.9050,16.2500,2.651247e+00
0.9275,16.2500,2.393174e+00
0.9500,16.2500,2.164623e+00
0.0500,17.5000,2.351516e+03
0.0725,17.5000,1.883547e+03
0.0950,17.5000,1.505992e+03
0.1175,17.5000,1.201630e+03
0.1400,17.5000,9.565043e+02
0.1625,17.5000,7.593040e+02
0.1850,17.5000,6.008626e+02
0.2075,17.5000,4.737519e+02
0.2300,17.5000,3.719539e+02
0.2525,17.5000,2.905942e+02
0.2750,17.5000,2.257268e+02
0.2975,17.5000,1.741592e+02
0.3200,17.5000,1.333117e+02
0.3425,17.5000,1.011033e+02
0.3650,17.5000,7.586107e+01
0.3875,17.5000,5.624811e+01
0.4100,17.5000,4.120912e+01
0.4325,17.5000,2.993057e+01
0.4550,17.5000,2.180947e+01
0.4775,17.5000,1.640408e+01
0.5000,17.5000,1.330441e+01
0.5225,17.5000,1.193651e+01
0.5450,17.5000,1.157297e+01
0.5675,17.5000,1.160554e+01
0.5900,17.5000,1.168790e+01
0.6125,17.5000,1.167361e+01
0.6350,17.5000,1.152156e+01
0.6575,17.5000,1.123700e+01
0.6800,17.5000,1.084253e+01
0.7025,17.5000,1.036499e+01
0.7250,17.5000,9.829879e+00
0.7475,17.5000,9.259245e+00
0.7700,17.5000,8.671179e+00
0.7925,17.5000,8.079975e+00
0.8150,17.5000,7.496578e+00
0.8375,17.5000,6.929096e+00
0.8600,17.5000,6.383309e+00
0.8825,17.5000,5.863127e+00
0.9050,17.5000,5.370981e+00
0.9275,17.5000,4.908152e+00
0.9500,17.5000,4.475048e+00
0.0500,18.7500,5.693663e+03
0.0725,18.7500,4.722317e+03
0.0950,18.7500,3.921483e+03
0.1175,18.7500,3.260610e+03
0.1400,18.7500,2.714707e+03
0.1625,18.7500,2.263318e+03
0.1850,18.7500,1.889690e+03
0.2075,18.7500,1.580090e+03
0.2300,18.7500,1.323256e+03
0.2525,18.7500,1.109946e+03
0.2750,18.7500,9.325672e+02
0.2975,18.7500,7.848805e+02
0.3200,18.7500,6.617539e+02
0.3425,18.7500,5.589629e+02
0.3650,18.7500,4.730273e+02
0.3875,18.7500,4.010780e+02
0.4100,18.7500,3.407474e+02
0.4325,18.7500,2.900800e+02
0.4550,18.7500,2.474594e+02
0.4775,18.7500,2.115481e+02
0.5000,18.7500,1.812383e+02
0.5225,18.7500,1.556116e+02
0.5450,18.7500,1.339056e+02
0.5675,18.7500,1.154870e+02
0.5900,18.7500,9.982867e+01
0.6125,18.7500,8.649191e+01
0.6350,18.7500,7.511069e+01
0.6575,18.7500,6.537944e+01
0.6800,18.7500,5.704265e+01
0.7025,18.7500,4.988639e+01
0.7250,18.7500,4.373130e+01
0.7475,18.7500,3.842675e+01
0.7700,18.7500,3.384608e+01
0.7925,18.7500,2.988260e+01
0.8150,18.7500,2.644631e+01
0.8375,18.7500,2.346116e+01
0.8600,18.7500,2.086277e+01
0.8825,18.7500,1.859659e+01
0.9050,18.7500,1.661627e+01
0.9275,18.7500,1.488239e+01
0.9500,18.7500,1.336136e+01
0.0500,20.0000,4.169068e+03
0.0725,20.0000,3.377814e+03
0.0950,20.0000,2.737717e+03
0.1175,20.0000,2.219907e+03
0.1400,20.0000,1.801011e+03
0.1625,20.0000,1.462110e+03
0.1850,20.0000,1.187894e+03
0.2075,20.0000,9.659762e+02
0.2300,20.0000,7.863363e+02
0.2525,20.0000,6.408703e+02
0.2750,20.0000,5.230257e+02
0.2975,20.0000,4.275054e+02
0.3200,20.0000,3.500278e+02
0.3425,20.0000,2.871336e+02
0.3650,20.0000,2.360276e+02
0.3875,20.0000,1.944524e+02
0.4100,20.0000,1.605852e+02
0.4325,20.0000,1.329541e+02
0.4550,20.0000,1.103713e+02
0.4775,20.0000,9.187817e+01
0.5000,20.0000,7.670123e+01
0.5225,20.0000,6.421647e+01
0.5450,20.0000,5.392041e+01
0.5675,20.0000,4.540681e+01
0.5900,20.0000,3.834772e+01
0.6125,20.0000,3.247827e+01
0.6350,20.0000,2.758432e+01
0.6575,20.0000,2.349254e+01
0.6800,20.0000,2.006238e+01
0.7025,20.0000,1.717965e+01
0.7250,20.0000,1.475134e+01
0.7475,20.0000,1.270147e+01
0.7700,20.0000,1.096777e+01
0.7925,20.0000,9.499017e+00
0.8150,20.0000,8.252901e+00
0.8375,20.0000,7.194337e+00
0.8600,20.0000,6.294096e+00
0.8825,20.0000,5.527723e+00
0.9050,20.0000,4.874666e+00
0.9275,20.0000,4.317588e+00
0.9500,20.0000,3.841809e+00
0.0500,21.2500,8.380626e+03
0.0725,21.2500,6.694202e+03
0.0950,21.2500,5.345842e+03
0.1175,21.2500,4.268042e+03
0.1400,21.2500,3.406776e+03
0.1625,21.2500,2.718798e+03
0.1850,21.2500,2.169494e+03
0.2075,21.2500,1.731152e+03
0.2300,21.2500,1.381585e+03
0.2525,21.2500,1.103030e+03
0.2750,21.2500,8.812661e+02
0.2975,21.2500,7.049036e+02
0.3200,21.2500,5.648221e+02
0.3425,21.2500,4.537151e+02
0.3650,21.2500,3.657268e+02
0.3875,21.2500,2.961601e+02
0.4100,21.2500,2.412436e+02
0.4325,21.2500,1.979452e+02
0.4550,21.2500,1.638242e+02
0.4775,21.2500,1.369153e+02
0.5000,21.2500,1.156387e+02
0.5225,21.2500,9.873000e+01
0.5450,21.2500,8.518568e+01
0.5675,21.2500,7.421880e+01
0.5900,21.2500,6.522113e+01
0.6125,21.2500,5.772979e+01
0.6350,21.2500,5.139757e+01
0.6575,21.2500,4.596704e+01
0.6800,21.2500,4.124877e+01
0.7025,21.2500,3.710367e+01
0.7250,21.2500,3.342924e+01
0.7475,21.2500,3.014923e+01
0.7700,21.2500,2.720598e+01
0.7925,21.2500,2.455503e+01
0.8150,21.2500,2.216119e+01
0.8375,21.2500,1.999597e+01
0.8600,21.2500,1.803561e+01
0.8825,21.2500,1.625991e+01
0.9050,21.2500,1.465130e+01
0.9275,21.2500,1.319431e+01
0.9500,21.2500,1.187507e+01
0.0500,22.5000,1.904581e+04
0.0725,22.5000,1.550602e+04
0.0950,22.5000,1.262006e+04
0.1175,22.5000,1.026845e+04
0.1400,22.5000,8.353385e+03
0.1625,22.5000,6.794782e+03
0.1850,22.5000,5.527126e+03
0.2075,22.5000,4.496826e+03
0.2300,22.5000,3.660067e+03
0.2525,22.5000,2.981038e+03
0.2750,22.5000,2.430473e+03
0.2975,22.5000,1.984467e+03
0.3200,22.5000,1.623494e+03
0.3425,22.5000,1.331607e+03
0.3650,22.5000,1.095779e+03
0.3875,22.5000,9.053709e+02
0.4100,22.5000,7.516919e+02
0.4325,22.5000,6.276420e+02
0.4550,22.5000,5.274248e+02
0.4775,22.5000,4.463139e+02
0.5000,22.5000,3.804654e+02
0.5225,22.5000,3.267659e+02
0.5450,22.5000,2.827080e+02
0.5675,22.5000,2.462879e+02
0.5900,22.5000,2.159168e+02
0.6125,22.5000,1.903462e+02
0.6350,22.5000,1.686026e+02
0.6575,22.5000,1.499319e+02
0.6800,22.5000,1.337520e+02
0.7025,22.5000,1.196141e+02
0.7250,22.5000,1.071715e+02
0.7475,22.5000,9.615470e+01
0.7700,22.5000,8.635231e+01
0.7925,22.5000,7.759654e+01
0.8150,22.5000,6.975226e+01
0.8375,22.5000,6.270897e+01
0.8600,22.5000,5.637482e+01
0.8825,22.5000,5.067225e+01
0.9050,22.5000,4.553483e+01
0.9275,22.5000,4.090493e+01
0.9500,22.5000,3.673199e+01
0.0500,23.7500,3.462597e+04
0.0725,23.7500,2.845799e+04
0.0950,23.7500,2.342387e+04
0.1175,23.7500,1.931003e+04
0.1400,23.7500,1.594394e+04
0.1625,23.7500,1.318606e+04
0.1850,23.7500,1.092344e+04
0.2075,23.7500,9.064583e+03
0.2300,23.7500,7.535263e+03
0.2525,23.7500,6.275228e+03
0.2750,23.7500,5.235511e+03
0.2975,23.7500,4.376275e+03
0.3200,23.7500,3.665074e+03
0.3425,23.7500,3.075458e+03
0.3650,23.7500,2.585835e+03
0.3875,23.7500,2.178564e+03
0.4100,23.7500,1.839210e+03
0.4325,23.7500,1.555950e+03
0.4550,23.7500,1.319090e+03
0.4775,23.7500,1.120668e+03
0.5000,23.7500,9.541375e+02
0.5225,23.7500,8.141108e+02
0.5450,23.7500,6.961450e+02
0.5675,23.7500,5.965729e+02
0.5900,23.7500,5.123627e+02
0.6125,23.7500,4.410045e+02
0.6350,23.7500,3.804173e+02
0.6575,23.7500,3.288731e+02
0.6800,23.7500,2.849348e+02
0.7025,23.7500,2.474052e+02
0.7250,23.7500,2.152856e+02
0.7475,23.7500,1.877415e+02
0.7700,23.7500,1.640741e+02
0.7925,23.7500,1.436978e+02
0.8150,23.7500,1.261204e+02
0.8375,23.7500,1.109281e+02
0.8600,23.7500,9.777177e+01
0.8825,23.7500,8.635694e+01
0.9050,23.7500,7.643440e+01
0.9275,23.7500,6.779299e+01
0.9500,23.7500,6.025346e+01
0.0500,25.0000,4.773725e+03
0.0725,25.0000,3.645222e+03
0.0950,25.0000,2.775638e+03
0.1175,25.0000,2.107055e+03
0.1400,25.0000,1.594209e+03
0.1625,25.0000,1.201792e+03
0.1850,25.0000,9.023036e+02
0.2075,25.0000,6.743667e+02
0.2300,25.0000,5.013949e+02
0.2525,25.0000,3.705448e+02
0.2750,25.0000,2.718917e+02
0.2975,25.0000,1.977837e+02
0.3200,25.0000,1.423352e+02
0.3425,25.0000,1.010300e+02
0.3650,25.0000,7.041245e+01
0.3875,25.0000,4.784624e+01
0.4100,25.0000,3.132695e+01
0.4325,25.0000,1.933853e+01
0.4550,25.0000,1.074885e+01
0.4775,25.0000,4.776448e+00
0.5000,25.0000,1.714561e+00
0.5225,25.0000,3.268766e+00
0.5450,25.0000,5.034206e+00
0.5675,25.0000,6.198769e+00
0.5900,25.0000,6.873009e+00
0.6125,25.0000,7.185696e+00
0.6350,25.0000,7.239675e+00
0.6575,25.0000,7.112715e+00
0.6800,25.0000,6.862628e+00
0.7025,25.0000,6.532038e+00
0.7250,25.0000,6.152186e+00
0.7475,25.0000,5.745824e+00
0.7700,25.0000,5.329396e+00
0.7925,25.0000,4.914647e+00
0.8150,25.0000,4.509826e+00
0.8375,25.0000,4.120577e+00
0.8600,25.0000,3.750599e+00
0.8825,25.0000,3.402147e+00
0.9050,25.0000,3.076403e+00
0.9275,25.0000,2.773759e+00
0.9500,25.0000,2.494034e+00
0.0500,26.2500,1.681787e+04
0.0725,26.2500,1.340425e+04
0.0950,26.2500,1.069432e+04
0.1175,26.2500,8.541597e+03
0.1400,26.2500,6.830276e+03
0.1625,26.2500,5.468809e+03
0.1850,26.2500,4.384781e+03
0.2075,26.2500,3.520891e+03
0.2300,26.2500,2.831772e+03
0.2525,26.2500,2.281497e+03
0.2750,26.2500,1.841596e+03
0.2975,26.2500,1.489500e+03
0.3200,26.2500,1.207307e+03
0.3425,26.2500,9.808143e+02
0.3650,26.2500,7.987421e+02
0.3875,26.2500,6.521307e+02
0.4100,26.2500,5.338578e+02
0.4325,26.2500,4.382582e+02
0.4550,26.2500,3.608225e+02
0.4775,26.2500,2.979588e+02
0.5000,26.2500,2.468034e+02
0.5225,26.2500,2.050714e+02
0.5450,26.2500,1.709378e+02
0.5675,26.2500,1.429431e+02
0.5900,26.2500,1.199189e+02
0.6125,26.2500,1.009283e+02
0.6350,26.2500,8.521927e+01
0.6575,26.2500,7.218648e+01
0.6800,26.2500,6.134229e+01
0.7025,26.2500,5.229276e+01
0.7250,26.2500,4.471903e+01
0.7475,26.2500,3.836234e+01
0.7700,26.2500,3.301214e+01
0.7925,26.2500,2.849669e+01
0.8150,26.2500,2.467548e+01
0.8375,26.2500,2.143322e+01
0.8600,26.2500,1.867506e+01
0.8825,26.2500,1.632274e+01
0.9050,26.2500,1.431149e+01
0.9275,26.2500,1.258758e+01
0.9500,26.2500,1.110630e+01
0.0500,27.5000,2.846612e+04
0.0725,27.5000,2.290583e+04
0.0950,27.5000,1.845912e+04
0.1175,27.5000,1.489886e+04
0.1400,27.5000,1.204486e+04
0.1625,27.5000,9.754141e+03
0.1850,27.5000,7.913088e+03
0.2075,27.5000,6.431393e+03
0.2300,27.5000,5.237191e+03
0.2525,27.5000,4.273253e+03
0.2750,27.5000,3.493958e+03
0.2975,27.5000,2.862907e+03
0.3200,27.5000,2.351028e+03
0.3425,27.5000,1.935081e+03
0.3650,27.5000,1.596466e+03
0.3875,27.5000,1.320278e+03
0.4100,27.5000,1.094563e+03
0.4325,27.5000,9.097215e+02
0.4550,27.5000,7.580330e+02
0.4775,27.5000,6.332817e+02
0.5000,27.5000,5.304561e+02
0.5225,27.5000,4.455097e+02
0.5450,27.5000,3.751708e+02
0.5675,27.5000,3.167897e+02
0.5900,27.5000,2.682170e+02
0.6125,27.5000,2.277067e+02
0.6350,27.5000,1.938374e+02
0.6575,27.5000,1.654505e+02
0.6800,27.5000,1.415993e+02
0.7025,27.5000,1.215094e+02
0.7250,27.5000,1.045454e+02
0.7475,27.5000,9.018567e+01
0.7700,27.5000,7.800039e+01
0.7925,27.5000,6.763510e+01
0.8150,27.5000,5.879669e+01
0.8375,27.5000,5.124229e+01
0.8600,27.5000,4.477020e+01
0.8825,27.5000,3.921255e+01
0.9050,27.5000,3.442932e+01
0.9275,27.5000,3.030342e+01
0.9500,27.5000,2.673676e+01
0.0500,28.7500,1.185630e+04
0.0725,28.7500,9.223878e+03
0.0950,28.7500,7.171266e+03
0.1175,28.7500,5.572106e+03
0.1400,28.7500,4.327281e+03
0.1625,28.7500,3.359104e+03
0.1850,28.7500,2.606738e+03
0.2075,28.7500,2.022575e+03
0.2300,28.7500,1.569391e+03
0.2525,28.7500,1.218104e+03
0.2750,28.7500,9.460122e+02
0.2975,28.7500,7.354078e+02
0.3200,28.7500,5.724900e+02
0.3425,28.7500,4.465121e+02
0.3650,28.7500,3.491132e+02
0.3875,28.7500,2.737948e+02
0.4100,28.7500,2.155121e+02
0.4325,28.7500,1.703534e+02
0.4550,28.7500,1.352914e+02
0.4775,28.7500,1.079878e+02
0.5000,28.7500,8.664147e+01
0.5225,28.7500,6.986940e+01
0.5450,28.7500,5.661321e+01
0.5675,28.7500,4.606588e+01
0.5900,28.7500,3.761386e+01
0.6125,28.7500,3.079168e+01
0.6350,28.7500,2.524635e+01
0.6575,28.7500,2.070978e+01
0.6800,28.7500,1.697753e+01
0.7025,28.7500,1.389274e+01
0.7250,28.7500,1.133404e+01
0.7475,28.7500,9.206557e+00
0.7700,28.7500,7.435320e+00
0.7925,28.7500,5.960404e+00
0.8150,28.7500,4.733409e+00
0.8375,28.7500,3.714898e+00
0.8600,28.7500,2.872562e+00
0.8825,28.7500,2.179964e+00
0.9050,28.7500,1.615812e+00
0.9275,28.7500,1.163922e+00
0.9500,28.7500,8.143814e-01
0.0500,30.0000,2.053719e+04
0.0725,30.0000,1.572739e+04
0.0950,30.0000,1.204338e+04
0.1175,30.0000,9.222942e+03
0.1400,30.0000,7.064610e+03
0.1625,30.0000,5.413641e+03
0.1850,30.0000,4.151246e+03
0.2075,30.0000,3.186277e+03
0.2300,30.0000,2.448837e+03
0.2525,30.0000,1.885355e+03
0.2750,30.0000,1.454795e+03
0.2975,30.0000,1.125747e+03
0.3200,30.0000,8.741803e+02
0.3425,30.0000,6.817221e+02
0.3650,30.0000,5.343357e+02
0.3875,30.0000,4.213028e+02
0.4100,30.0000,3.344442e+02
0.4325,30.0000,2.675224e+02
0.4550,30.0000,2.157838e+02
0.4775,30.0000,1.756086e+02
0.5000,30.0000,1.442432e+02
0.5225,30.0000,1.195952e+02
0.5450,30.0000,1.000771e+02
0.5675,30.0000,8.448597e+01
0.5900,30.0000,7.191197e+01
0.6125,30.0000,6.166746e+01
0.6350,30.0000,5.323300e+01
0.6575,30.0000,4.621599e+01
0.6800,30.0000,4.031917e+01
0.7025,30.0000,3.531672e+01
0.7250,30.0000,3.103628e+01
0.7475,30.0000,2.734548e+01
0.7700,30.0000,2.414182e+01
0.7925,30.0000,2.134524e+01
0.8150,30.0000,1.889250e+01
0.8375,30.0000,1.673314e+01
0.8600,30.0000,1.482632e+01
0.8825,30.0000,1.313864e+01
0.9050,30.0000,1.164240e+01
0.9275,30.0000,1.031437e+01
0.9500,30.0000,9.134814e+00
0.0500,31.2500,1.347912e+05
0.0725,31.2500,1.095687e+05
0.0950,31.2500,8.919026e+04
0.1175,31.2500,7.270679e+04
0.1400,31.2500,5.935809e+04
0.1625,31.2500,4.853482e+04
0.1850,31.2500,3.974810e+04
0.2075,31.2500,3.260544e+04
0.2300,31.2500,2.679138e+04
0.2525,31.2500,2.205221e+04
0.2750,31.2500,1.818367e+04
0.2975,31.2500,1.502113e+04
0.3200,31.2500,1.243181e+04
0.3425,31.2500,1.030850e+04
0.3650,31.2500,8.564511e+03
0.3875,31.2500,7.129717e+03
0.4100,31.2500,5.947296e+03
0.4325,31.2500,4.971166e+03
0.4550,31.2500,4.163906e+03
0.4775,31.2500,3.495093e+03
0.5000,31.2500,2.939959e+03
0.5225,31.2500,2.478317e+03
0.5450,31.2500,2.093689e+03
0.5675,31.2500,1.772609e+03
0.5900,31.2500,1.504052e+03
0.6125,31.2500,1.278982e+03
0.6350,31.2500,1.089983e+03
0.6575,31.2500,9.309539e+02
0.6800,31.2500,7.968742e+02
0.7025,31.2500,6.836010e+02
0.7250,31.2500,5.877122e+02
0.7475,31.2500,5.063757e+02
0.7700,31.2500,4.372439e+02
0.7925,31.2500,3.783675e+02
0.8150,31.2500,3.281250e+02
0.8375,31.2500,2.851651e+02
0.8600,31.2500,2.483597e+02
0.8825,31.2500,2.167656e+02
0.9050,31.2500,1.895923e+02
0.9275,31.2500,1.661765e+02
0.9500,31.2500,1.459603e+02
0.0500,32.5000,5.529971e+04
0.0725,32.5000,4.325089e+04
0.0950,32.5000,3.385135e+04
0.1175,32.5000,2.651749e+04
0.1400,32.5000,2.079410e+04
0.1625,32.5000,1.632616e+04
0.1850,32.5000,1.283684e+04
0.2075,32.5000,1.011037e+04
0.2300,32.5000,7.978560e+03
0.2525,32.5000,6.310347e+03
0.2750,32.5000,5.003622e+03
0.2975,32.5000,3.978837e+03
0.3200,32.5000,3.174026e+03
0.3425,32.5000,2.540923e+03
0.3650,32.5000,2.041933e+03
0.3875,32.5000,1.647773e+03
0.4100,32.5000,1.335626e+03
0.4325,32.5000,1.087718e+03
0.4550,32.5000,8.901924e+02
0.4775,32.5000,7.322460e+02
0.5000,32.5000,6.054507e+02
0.5225,32.5000,5.032271e+02
0.5450,32.5000,4.204349e+02
0.5675,32.5000,3.530535e+02
0.5900,32.5000,2.979345e+02
0.6125,32.5000,2.526085e+02
0.6350,32.5000,2.151352e+02
0.6575,32.5000,1.839865e+02
0.6800,32.5000,1.579561e+02
0.7025,32.5000,1.360888e+02
0.7250,32.5000,1.176259e+02
0.7475,32.5000,1.019620e+02
0.7700,32.5000,8.861256e+01
0.7925,32.5000,7.718771e+01
0.8150,32.5000,6.737221e+01
0.8375,32.5000,5.890985e+01
0.8600,32.5000,5.159123e+01
0.8825,32.5000,4.524423e+01
0.9050,32.5000,3.972653e+01
0.9275,32.5000,3.491977e+01
0.9500,32.5000,3.072491e+01
0.0500,33.7500,5.207408e+04
0.0725,33.7500,4.077628e+04
0.0950,33.7500,3.198110e+04
0.1175,33.7500,2.512575e+04
0.1400,33.7500,1.977540e+04
0.1625,33.7500,1.559387e+04
0.1850,33.7500,1.232105e+04
0.2075,33.7500,9.755501e+03
0.2300,33.7500,7.741105e+03
0.2525,33.7500,6.156740e+03
0.2750,33.7500,4.908354e+03
0.2975,33.7500,3.922834e+03
0.3200,33.7500,3.143283e+03
0.3425,33.7500,2.525374e+03
0.3650,33.7500,2.034528e+03
0.3875,33.7500,1.643737e+03
0.4100,33.7500,1.331876e+03
0.4325,33.7500,1.082398e+03
0.4550,33.7500,8.823254e+02
0.4775,33.7500,7.214584e+02
0.5000,33.7500,5.917714e+02
0.5225,33.7500,4.869365e+02
0.5450,33.7500,4.019558e+02
0.5675,33.7500,3.328742e+02
0.5900,33.7500,2.765559e+02
0.6125,33.7500,2.305091e+02
0.6350,33.7500,1.927500e+02
0.6575,33.7500,1.616952e+02
0.6800,33.7500,1.360787e+02
0.7025,33.7500,1.148852e+02
0.7250,33.7500,9.729917e+01
0.7475,33.7500,8.266337e+01
0.7700,33.7500,7.044715e+01
0.7925,33.7500,6.022087e+01
0.8150,33.7500,5.163576e+01
0.8375,33.7500,4.440798e+01
0.8600,33.7500,3.830592e+01
0.8825,33.7500,3.314008e+01
0.9050,33.7500,2.875503e+01
0.9275,33.7500,2.502288e+01
0.9500,33.7500,2.183819e+01
0.0500,35.0000,3.207720e+04
0.0725,35.0000,2.452287e+04
0.0950,35.0000,1.874037e+04
0.1175,35.0000,1.431653e+04
0.1400,35.0000,1.093398e+04
0.1625,35.0000,8.349099e+03
0.1850,35.0000,6.374916e+03
0.2075,35.0000,4.868025e+03
0.2300,35.0000,3.718480e+03
0.2525,35.0000,2.842027e+03
0.2750,35.0000,2.174138e+03
0.2975,35.0000,1.665414e+03
0.3200,35.0000,1.278061e+03
0.3425,35.0000,9.831764e+02
0.3650,35.0000,7.586750e+02
0.3875,35.0000,5.876883e+02
0.4100,35.0000,4.573442e+02
0.4325,35.0000,3.578292e+02
0.4550,35.0000,2.816716e+02
0.4775,35.0000,2.231928e+02
0.5000,35.0000,1.780866e+02
0.5225,35.0000,1.430974e+02
0.5450,35.0000,1.157717e+02
0.5675,35.0000,9.426685e+01
0.5900,35.0000,7.720332e+01
0.6125,35.0000,6.354995e+01
0.6350,35.0000,5.253623e+01
0.6575,35.0000,4.358509e+01
0.6800,35.0000,3.626229e+01
0.7025,35.0000,3.023864e+01
0.7250,35.0000,2.526215e+01
0.7475,35.0000,2.113768e+01
0.7700,35.0000,1.771222e+01
0.7925,35.0000,1.486425e+01
0.8150,35.0000,1.249596e+01
0.8375,35.0000,1.052775e+01
0.8600,35.0000,8.894046e+00
0.8825,35.0000,7.540337e+00
0.9050,35.0000,6.420868e+00
0.9275,35.0000,5.496944e+00
0.9500,35.0000,4.735630e+00
0.0500,36.2500,5.995355e+04
0.0725,36.2500,4.688646e+04
0.0950,36.2500,3.669883e+04
0.1175,36.2500,2.875247e+04
0.1400,36.2500,2.255117e+04
0.1625,36.2500,1.770904e+04
0.1850,36.2500,1.392587e+04
0.2075,36.2500,1.096807e+04
0.2300,36.2500,8.653819e+03
0.2525,36.2500,6.841554e+03
0.2750,36.2500,5.421024e+03
0.2975,36.2500,4.306331e+03
0.3200,36.2500,3.430531e+03
0.3425,36.2500,2.741434e+03
0.3650,36.2500,2.198335e+03
0.3875,36.2500,1.769479e+03
0.4100,36.2500,1.430085e+03
0.4325,36.2500,1.160807e+03
0.4550,36.2500,9.465401e+02
0.4775,36.2500,7.754856e+02
0.5000,36.2500,6.384275e+02
0.5225,36.2500,5.281648e+02
0.5450,36.2500,4.390689e+02
0.5675,36.2500,3.667390e+02
0.5900,36.2500,3.077313e+02
0.6125,36.2500,2.593483e+02
0.6350,36.2500,2.194741e+02
0.6575,36.2500,1.864455e+02
0.6800,36.2500,1.589516e+02
0.7025,36.2500,1.359559e+02
0.7250,36.2500,1.166357e+02
0.7475,36.2500,1.003349e+02
0.7700,36.2500,8.652789e+01
0.7925,36.2500,7.479107e+01
0.8150,36.2500,6.478140e+01
0.8375,36.2500,5.621935e+01
0.8600,36.2500,4.887592e+01
0.8825,36.2500,4.256240e+01
0.9050,36.2500,3.712249e+01
0.9275,36.2500,3.242610e+01
0.9500,36.2500,2.836440e+01
0.0500,37.5000,3.310150e+04
0.0725,37.5000,2.449384e+04
0.0950,37.5000,1.809044e+04
0.1175,37.5000,1.333317e+04
0.1400,37.5000,9.804010e+03
0.1625,37.5000,7.190147e+03
0.1850,37.5000,5.257658e+03
0.2075,37.5000,3.831778e+03
0.2300,37.5000,2.782060e+03
0.2525,37.5000,2.011240e+03
0.2750,37.5000,1.446879e+03
0.2975,37.5000,1.035092e+03
0.3200,37.5000,7.358570e+02
0.3425,37.5000,5.194948e+02
0.3650,37.5000,3.640432e+02
0.3875,37.5000,2.532912e+02
0.4100,37.5000,1.753119e+02
0.4325,37.5000,1.213602e+02
0.4550,37.5000,8.502158e+01
0.4775,37.5000,6.150702e+01
0.5000,37.5000,4.704194e+01
0.5225,37.5000,3.846995e+01
0.5450,37.5000,3.325842e+01
0.5675,37.5000,2.968813e+01
0.5900,37.5000,2.681597e+01
0.6125,37.5000,2.422189e+01
0.6350,37.5000,2.176065e+01
0.6575,37.5000,1.940713e+01
0.6800,37.5000,1.717839e+01
0.7025,37.5000,1.509934e+01
0.7250,37.5000,1.318972e+01
0.7475,37.5000,1.146052e+01
0.7700,37.5000,9.914358e+00
0.7925,37.5000,8.547108e+00
0.8150,37.5000,7.349819e+00
0.8375,37.5000,6.310380e+00
0.8600,37.5000,5.414860e+00
0.8825,37.5000,4.648523e+00
0.9050,37.5000,3.996545e+00
0.9275,37.5000,3.444514e+00
0.9500,37.5000,2.978771e+00
0.0500,38.7500,8.825608e+04
0.0725,38.7500,6.865076e+04
0.0950,38.7500,5.347780e+04
0.1175,38.7500,4.172298e+04
0.1400,38.7500,3.260608e+04
0.1625,38.7500,2.552661e+04
0.1850,38.7500,2.002214e+04
0.2075,38.7500,1.573632e+04
0.2300,38.7500,1.239438e+04
0.2525,38.7500,9.784299e+03
0.2750,38.7500,7.742335e+03
0.2975,38.7500,6.141937e+03
0.3200,38.7500,4.885202e+03
0.3425,38.7500,3.896320e+03
0.3650,38.7500,3.116523e+03
0.3875,38.7500,2.500204e+03
0.4100,38.7500,2.011926e+03
0.4325,38.7500,1.624120e+03
0.4550,38.7500,1.315307e+03
0.4775,38.7500,1.068728e+03
0.5000,38.7500,8.712872e+02
0.5225,38.7500,7.127320e+02
0.5450,38.7500,5.850238e+02
0.5675,38.7500,4.818467e+02
0.5900,38.7500,3.982289e+02
0.6125,38.7500,3.302483e+02
0.6350,38.7500,2.748039e+02
0.6575,38.7500,2.294386e+02
0.6800,38.7500,1.922005e+02
0.7025,38.7500,1.615353e+02
0.7250,38.7500,1.362021e+02
0.7475,38.7500,1.152074e+02
0.7700,38.7500,9.775374e+01
0.7925,38.7500,8.319922e+01
0.8150,38.7500,7.102552e+01
0.8375,38.7500,6.081302e+01
0.8600,38.7500,5.222096e+01
0.8825,38.7500,4.497180e+01
0.9050,38.7500,3.883882e+01
0.9275,38.7500,3.363628e+01
0.9500,38.7500,2.921155e+01
0.0500,40.0000,1.783441e+05
0.0725,40.0000,1.395270e+05
0.0950,40.0000,1.092758e+05
0.1175,40.0000,8.568503e+04
0.1400,40.0000,6.727526e+04
0.1625,40.0000,5.289750e+04
0.1850,40.0000,4.165909e+04
0.2075,40.0000,3.286628e+04
0.2300,40.0000,2.597973e+04
0.2525,40.0000,2.057997e+04
0.2750,40.0000,1.634061e+04
0.2975,40.0000,1.300760e+04
0.3200,40.0000,1.038307e+04
0.3425,40.0000,8.312827e+03
0.3650,40.0000,6.676683e+03
0.3875,40.0000,5.380863e+03
0.4100,40.0000,4.352170e+03
0.4325,40.0000,3.533431e+03
0.4550,40.0000,2.879958e+03
0.4775,40.0000,2.356793e+03
0.5000,40.0000,1.936567e+03
0.5225,40.0000,1.597833e+03
0.5450,40.0000,1.323768e+03
0.5675,40.0000,1.101158e+03
0.5900,40.0000,9.196111e+02
0.6125,40.0000,7.709406e+02
0.6350,40.0000,6.486840e+02
0.6575,40.0000,5.477293e+02
0.6800,40.0000,4.640217e+02
0.7025,40.0000,3.943362e+02
0.7250,40.0000,3.360988e+02
0.7475,40.0000,2.872481e+02
0.7700,40.0000,2.461267e+02
0.7925,40.0000,2.113968e+02
0.8150,40.0000,1.819739e+02
0.8375,40.0000,1.569747e+02
0.8600,40.0000,1.356771e+02
0.8825,40.0000,1.174880e+02
0.9050,40.0000,1.019180e+02
0.9275,40.0000,8.856207e+01
0.9500,40.0000,7.708299e+01
0.0500,41.2500,1.696217e+05
0.0725,41.2500,1.294796e+05
0.0950,41.2500,9.890177e+04
0.1175,41.2500,7.560392e+04
0.1400,41.2500,5.784768e+04
0.1625,41.2500,4.431029e+04
0.1850,41.2500,3.398512e+04
0.2075,41.2500,2.610611e+04
0.2300,41.2500,2.009020e+04
0.2525,41.2500,1.549360e+04
0.2750,41.2500,1.197851e+04
0.2975,41.2500,9.287746e+03
0.3200,41.2500,7.225506e+03
0.3425,41.2500,5.642677e+03
0.3650,41.2500,4.425691e+03
0.3875,41.2500,3.488032e+03
0.4100,41.2500,2.763779e+03
0.4325,41.2500,2.202695e+03
0.4550,41.2500,1.766486e+03
0.4775,41.2500,1.425959e+03
0.5000,41.2500,1.158862e+03
0.5225,41.2500,9.482260e+02
0.5450,41.2500,7.811177e+02
0.5675,41.2500,6.476735e+02
0.5900,41.2500,5.403698e+02
0.6125,41.2500,4.534629e+02
0.6350,41.2500,3.825611e+02
0.6575,41.2500,3.242988e+02
0.6800,41.2500,2.760886e+02
0.7025,41.2500,2.359326e+02
0.7250,41.2500,2.022803e+02
0.7475,41.2500,1.739205e+02
0.7700,41.2500,1.499008e+02
0.7925,41.2500,1.294664e+02
0.8150,41.2500,1.120145e+02
0.8375,41.2500,9.705935e+01
0.8600,41.2500,8.420677e+01
0.8825,41.2500,7.313405e+01
0.9050,41.2500,6.357507e+01
0.9275,41.2500,5.530875e+01
0.9500,41.2500,4.815027e+01
0.0500,42.5000,1.797460e+05
0.0725,42.5000,1.397637e+05
0.0950,42.5000,1.088483e+05
0.1175,42.5000,8.491452e+04
0.1400,42.5000,6.636164e+04
0.1625,42.5000,5.196017e+04
0.1850,42.5000,4.076492e+04
0.2075,42.5000,3.204872e+04
0.2300,42.5000,2.525156e+04
0.2525,42.5000,1.994184e+04
0.2750,42.5000,1.578654e+04
0.2975,42.5000,1.252849e+04
0.3200,42.5000,9.968823e+03
0.3425,42.5000,7.953612e+03
0.3650,42.5000,6.363560e+03
0.3875,42.5000,5.106086e+03
0.4100,42.5000,4.109248e+03
0.4325,42.5000,3.317058e+03
0.4550,42.5000,2.685880e+03
0.4775,42.5000,2.181650e+03
0.5000,42.5000,1.777730e+03
0.5225,42.5000,1.453254e+03
0.5450,42.5000,1.191847e+03
0.5675,42.5000,9.806314e+02
0.5900,42.5000,8.094624e+02
0.6125,42.5000,6.703285e+02
0.6350,42.5000,5.568905e+02
0.6575,42.5000,4.641204e+02
0.6800,42.5000,3.880205e+02
0.7025,42.5000,3.254049e+02
0.7250,42.5000,2.737282e+02
0.7475,42.5000,2.309512e+02
0.7700,42.5000,1.954359e+02
0.7925,42.5000,1.658635e+02
0.8150,42.5000,1.411686e+02
0.8375,42.5000,1.204885e+02
0.8600,42.5000,1.031228e+02
0.8825,42.5000,8.850087e+01
0.9050,42.5000,7.615683e+01
0.9275,42.5000,6.570908e+01
0.9500,42.5000,5.684423e+01
0.0500,43.7500,5.095767e+04
0.0725,43.7500,3.764374e+04
0.0950,43.7500,2.778534e+04
0.1175,43.7500,2.049372e+04
0.1400,43.7500,1.510650e+04
0.1625,43.7500,1.113054e+04
0.1850,43.7500,8.199131e+03
0.2075,43.7500,6.039921e+03
0.2300,43.7500,4.450863e+03
0.2525,43.7500,3.282269e+03
0.2750,43.7500,2.423376e+03
0.2975,43.7500,1.792335e+03
0.3200,43.7500,1.328741e+03
0.3425,43.7500,9.880753e+02
0.3650,43.7500,7.375696e+02
0.3875,43.7500,5.531367e+02
0.4100,43.7500,4.170940e+02
0.4325,43.7500,3.164773e+02
0.4550,43.7500,2.417942e+02
0.4775,43.7500,1.861035e+02
0.5000,43.7500,1.443366e+02
0.5225,43.7500,1.127969e+02
0.5450,43.7500,8.879172e+01
0.5675,43.7500,7.036131e+01
0.5900,43.7500,5.607957e+01
0.6125,43.7500,4.490792e+01
0.6350,43.7500,3.608834e+01
0.6575,43.7500,2.906546e+01
0.6800,43.7500,2.343007e+01
0.7025,43.7500,1.887835e+01
0.7250,43.7500,1.518262e+01
0.7475,43.7500,1.217036e+01
0.7700,43.7500,9.709340e+00
0.7925,43.7500,7.696890e+00
0.8150,43.7500,6.052375e+00
0.8375,43.7500,4.711775e+00
0.8600,43.7500,3.623871e+00
0.8825,43.7500,2.747601e+00
0.9050,43.7500,2.050351e+00
0.9275,43.7500,1.507085e+00
0.9500,43.7500,1.100194e+00
0.0500,45.0000,1.440614e+05
0.0725,45.0000,1.101008e+05
0.0950,45.0000,8.425196e+04
0.1175,45.0000,6.456029e+04
0.1400,45.0000,4.954515e+04
0.1625,45.0000,3.808440e+04
0.1850,45.0000,2.932716e+04
0.2075,45.0000,2.262782e+04
0.2300,45.0000,1.749624e+04
0.2525,45.0000,1.356008e+04
0.2750,45.0000,1.053628e+04
0.2975,45.0000,8.209519e+03
0.3200,45.0000,6.415863e+03
0.3425,45.0000,5.030411e+03
0.3650,45.0000,3.957923e+03
0.3875,45.0000,3.125710e+03
0.4100,45.0000,2.478243e+03
0.4325,45.0000,1.973063e+03
0.4550,45.0000,1.577668e+03
0.4775,45.0000,1.267150e+03
0.5000,45.0000,1.022402e+03
0.5225,45.0000,8.287438e+02
0.5450,45.0000,6.748805e+02
0.5675,45.0000,5.521094e+02
0.5900,45.0000,4.537118e+02
0.6125,45.0000,3.744900e+02
0.6350,45.0000,3.104136e+02
0.6575,45.0000,2.583486e+02
0.6800,45.0000,2.158510e+02
0.7025,45.0000,1.810083e+02
0.7250,45.0000,1.523185e+02
0.7475,45.0000,1.285971e+02
0.7700,45.0000,1.089062e+02
0.7925,45.0000,9.249976e+01
0.8150,45.0000,7.878162e+01
0.8375,45.0000,6.727323e+01
0.8600,45.0000,5.758864e+01
0.8825,45.0000,4.941514e+01
0.9050,45.0000,4.249821e+01
0.9275,45.0000,3.662983e+01
0.9500,45.0000,3.163923e+01
0.0500,46.2500,1.319018e+05
0.0725,46.2500,9.839910e+04
0.0950,46.2500,7.340114e+04
0.1175,46.2500,5.475215e+04
0.1400,46.2500,4.084222e+04
0.1625,46.2500,3.046915e+04
0.1850,46.2500,2.273530e+04
0.2075,46.2500,1.697048e+04
0.2300,46.2500,1.267438e+04
0.2525,46.2500,9.473551e+03
0.2750,46.2500,7.089303e+03
0.2975,46.2500,5.313659e+03
0.3200,46.2500,3.991451e+03
0.3425,46.2500,3.006927e+03
0.3650,46.2500,2.273747e+03
0.3875,46.2500,1.727523e+03
0.4100,46.2500,1.320242e+03
0.4325,46.2500,1.016116e+03
0.4550,46.2500,7.884795e+02
0.4775,46.2500,6.174870e+02
0.5000,46.2500,4.883923e+02
0.5225,46.2500,3.902685e+02
0.5450,46.2500,3.150486e+02
0.5675,46.2500,2.568033e+02
0.5900,46.2500,2.111941e+02
0.6125,46.2500,1.750574e+02
0.6350,46.2500,1.460905e+02
0.6575,46.2500,1.226141e+02
0.6800,46.2500,1.033984e+02
0.7025,46.2500,8.753413e+01
0.7250,46.2500,7.434181e+01
0.7475,46.2500,6.330598e+01
0.7700,46.2500,5.402966e+01
0.7925,46.2500,4.620223e+01
0.8150,46.2500,3.957700e+01
0.8375,46.2500,3.395532e+01
0.8600,46.2500,2.917541e+01
0.8825,46.2500,2.510415e+01
0.9050,46.2500,2.163120e+01
0.9275,46.2500,1.866452e+01
0.9500,46.2500,1.612698e+01
0.0500,47.5000,1.441140e+05
0.0725,47.5000,1.092641e+05
0.0950,47.5000,8.294375e+04
0.1175,47.5000,6.304912e+04
0.1400,47.5000,4.799791e+04
0.1625,47.5000,3.659960e+04
0.1850,47.5000,2.795810e+04
0.2075,47.5000,2.139866e+04
0.2300,47.5000,1.641297e+04
0.2525,47.5000,1.261788e+04
0.2750,47.5000,9.724415e+03
0.2975,47.5000,7.514484e+03
0.3200,47.5000,5.823379e+03
0.3425,47.5000,4.526599e+03
0.3650,47.5000,3.529954e+03
0.3875,47.5000,2.762115e+03
0.4100,47.5000,2.169006e+03
0.4325,47.5000,1.709584e+03
0.4550,47.5000,1.352656e+03
0.4775,47.5000,1.074481e+03
0.5000,47.5000,8.569646e+02
0.5225,47.5000,6.862885e+02
0.5450,47.5000,5.518831e+02
0.5675,47.5000,4.456465e+02
0.5900,47.5000,3.613546e+02
0.6125,47.5000,2.942149e+02
0.6350,47.5000,2.405274e+02
0.6575,47.5000,1.974276e+02
0.6800,47.5000,1.626916e+02
0.7025,47.5000,1.345872e+02
0.7250,47.5000,1.117609e+02
0.7475,47.5000,9.315137e+01
0.7700,47.5000,7.792350e+01
0.7925,47.5000,6.541780e+01
0.8150,47.5000,5.511153e+01
0.8375,47.5000,4.658883e+01
0.8600,47.5000,3.951760e+01
0.8825,47.5000,3.363172e+01
0.9050,47.5000,2.871709e+01
0.9275,47.5000,2.460091e+01
0.9500,47.5000,2.114322e+01
0.0500,48.7500,2.429199e+05
0.0725,48.7500,1.846397e+05
0.0950,48.7500,1.404971e+05
0.1175,48.7500,1.070411e+05
0.1400,48.7500,8.166601e+04
0.1625,48.7500,6.240430e+04
0.1850,48.7500,4.776968e+04
0.2075,48.7500,3.663911e+04
0.2300,48.7500,2.816379e+04
0.2525,48.7500,2.170189e+04
0.2750,48.7500,1.676790e+04
0.2975,48.7500,1.299438e+04
0.3200,48.7500,1.010310e+04
0.3425,48.7500,7.883233e+03
0.3650,48.7500,6.174958e+03
0.3875,48.7500,4.857003e+03
0.4100,48.7500,3.837290e+03
0.4325,48.7500,3.045840e+03
0.4550,48.7500,2.429425e+03
0.4775,48.7500,1.947511e+03
0.5000,48.7500,1.569200e+03
0.5225,48.7500,1.270910e+03
0.5450,48.7500,1.034612e+03
0.5675,48.7500,8.465048e+02
0.5900,48.7500,6.960001e+02
0.6125,48.7500,5.749577e+02
0.6350,48.7500,4.771027e+02
0.6575,48.7500,3.975838e+02
0.6800,48.7500,3.326374e+02
0.7025,48.7500,2.793323e+02
0.7250,48.7500,2.353759e+02
0.7475,48.7500,1.989669e+02
0.7700,48.7500,1.686830e+02
0.7925,48.7500,1.433952e+02
0.8150,48.7500,1.222029e+02
0.8375,48.7500,1.043835e+02
0.8600,48.7500,8.935433e+01
0.8825,48.7500,7.664297e+01
0.9050,48.7500,6.586451e+01
0.9275,48.7500,5.670377e+01
0.9500,48.7500,4.890146e+01
0.0500,50.0000,5.438517e+05
0.0725,50.0000,4.117873e+05
0.0950,50.0000,3.117980e+05
0.1175,50.0000,2.360932e+05
0.1400,50.0000,1.787769e+05
0.1625,50.0000,1.353863e+05
0.1850,50.0000,1.025424e+05
0.2075,50.0000,7.768644e+04
0.2300,50.0000,5.888035e+04
0.2525,50.0000,4.465614e+04
0.2750,50.0000,3.390159e+04
0.2975,50.0000,2.577396e+04
0.3200,50.0000,1.963464e+04
0.3425,50.0000,1.499958e+04
0.3650,50.0000,1.150185e+04
0.3875,50.0000,8.863219e+03
0.4100,50.0000,6.872678e+03
0.4325,50.0000,5.370150e+03
0.4550,50.0000,4.234216e+03
0.4775,50.0000,3.372862e+03
0.5000,50.0000,2.716508e+03
0.5225,50.0000,2.212753e+03
0.5450,50.0000,1.822381e+03
0.5675,50.0000,1.516281e+03
0.5900,50.0000,1.273030e+03
0.6125,50.0000,1.076993e+03
0.6350,50.0000,9.168215e+02
0.6575,50.0000,7.842880e+02
0.6800,50.0000,6.734091e+02
0.7025,50.0000,5.797933e+02
0.7250,50.0000,5.001730e+02
0.7475,50.0000,4.320735e+02
0.7700,50.0000,3.735821e+02
0.7925,50.0000,3.231897e+02
0.8150,50.0000,2.796818e+02
0.8375,50.0000,2.420632e+02
0.8600,50.0000,2.095062e+02
0.8825,50.0000,1.813137e+02
0.9050,50.0000,1.568933e+02
0.9275,50.0000,1.357381e+02
0.9500,50.0000,1.174117e+02
