state_id,shells,winding,symmetry,freq_law,amp_law,phase_law,amplitudes,phases,frequencies,n_shells
S00000,1,1,charged_lepton,linear,uniform,exact_closure,1.00000000,0.00000000,1.00000000,1
S00001,1,1,charged_lepton,linear,uniform,torsional_offset,1.00000000,0.00000000,1.00000000,1
S00002,1,1,charged_lepton,linear,uniform,winding_parity,1.00000000,0.52359878,1.00000000,1
S00003,1,1,charged_lepton,linear,phi_decaying,exact_closure,1.00000000,0.00000000,1.00000000,1
S00004,1,1,charged_lepton,linear,phi_decaying,torsional_offset,1.00000000,0.00000000,1.00000000,1
S00005,1,1,charged_lepton,linear,phi_decaying,winding_parity,1.00000000,0.52359878,1.00000000,1
S00006,1,1,charged_lepton,linear,closure_weight,exact_closure,1.00000000,0.00000000,1.00000000,1
S00007,1,1,charged_lepton,linear,closure_weight,torsional_offset,1.00000000,0.00000000,1.00000000,1
S00008,1,1,charged_lepton,linear,closure_weight,winding_parity,1.00000000,0.52359878,1.00000000,1
S00009,1,1,charged_lepton,phi_scaled,uniform,exact_closure,1.00000000,0.00000000,1.61803399,1
S00010,1,1,charged_lepton,phi_scaled,uniform,torsional_offset,1.00000000,0.00000000,1.61803399,1
S00011,1,1,charged_lepton,phi_scaled,uniform,winding_parity,1.00000000,0.52359878,1.61803399,1
S00012,1,1,charged_lepton,phi_scaled,phi_decaying,exact_closure,1.00000000,0.00000000,1.61803399,1
S00013,1,1,charged_lepton,phi_scaled,phi_decaying,torsional_offset,1.00000000,0.00000000,1.61803399,1
S00014,1,1,charged_lepton,phi_scaled,phi_decaying,winding_parity,1.00000000,0.52359878,1.61803399,1
S00015,1,1,charged_lepton,phi_scaled,closure_weight,exact_closure,1.00000000,0.00000000,1.61803399,1
S00016,1,1,charged_lepton,phi_scaled,closure_weight,torsional_offset,1.00000000,0.00000000,1.61803399,1
S00017,1,1,charged_lepton,phi_scaled,closure_weight,winding_parity,1.00000000,0.52359878,1.61803399,1
S00018,1,1,charged_lepton,closure_corrected,uniform,exact_closure,1.00000000,0.00000000,1.77983739,1
S00019,1,1,charged_lepton,closure_corrected,uniform,torsional_offset,1.00000000,0.00000000,1.77983739,1
S00020,1,1,charged_lepton,closure_corrected,uniform,winding_parity,1.00000000,0.52359878,1.77983739,1
S00021,1,1,charged_lepton,closure_corrected,phi_decaying,exact_closure,1.00000000,0.00000000,1.77983739,1
S00022,1,1,charged_lepton,closure_corrected,phi_decaying,torsional_offset,1.00000000,0.00000000,1.77983739,1
S00023,1,1,charged_lepton,closure_corrected,phi_decaying,winding_parity,1.00000000,0.52359878,1.77983739,1
S00024,1,1,charged_lepton,closure_corrected,closure_weight,exact_closure,1.00000000,0.00000000,1.77983739,1
S00025,1,1,charged_lepton,closure_corrected,closure_weight,torsional_offset,1.00000000,0.00000000,1.77983739,1
S00026,1,1,charged_lepton,closure_corrected,closure_weight,winding_parity,1.00000000,0.52359878,1.77983739,1
S00027,"1,2",1,charged_lepton,linear,uniform,exact_closure,"0.50000000,0.50000000","0.00000000,0.00000000","1.00000000,2.00000000",2
S00028,"1,2",1,charged_lepton,linear,uniform,torsional_offset,"0.50000000,0.50000000","0.00000000,0.00000000","1.00000000,2.00000000",2
S00029,"1,2",1,charged_lepton,linear,uniform,winding_parity,"0.50000000,0.50000000","0.52359878,0.00000000","1.00000000,2.00000000",2
S00030,"1,2",1,charged_lepton,linear,phi_decaying,exact_closure,"0.85065081,0.52573111","0.00000000,0.00000000","1.00000000,2.00000000",2
S00031,"1,2",1,charged_lepton,linear,phi_decaying,torsional_offset,"0.85065081,0.52573111","0.00000000,0.00000000","1.00000000,2.00000000",2
S00032,"1,2",1,charged_lepton,linear,phi_decaying,winding_parity,"0.85065081,0.52573111","0.52359878,0.00000000","1.00000000,2.00000000",2
S00033,"1,2",1,charged_lepton,linear,closure_weight,exact_closure,"0.95542256,0.29524181","0.00000000,0.00000000","1.00000000,2.00000000",2
S00034,"1,2",1,charged_lepton,linear,closure_weight,torsional_offset,"0.95542256,0.29524181","0.00000000,0.00000000","1.00000000,2.00000000",2
S00035,"1,2",1,charged_lepton,linear,closure_weight,winding_parity,"0.95542256,0.29524181","0.52359878,0.00000000","1.00000000,2.00000000",2
S00036,"1,2",1,charged_lepton,phi_scaled,uniform,exact_closure,"0.50000000,0.50000000","0.00000000,0.00000000","1.61803399,2.61803399",2
S00037,"1,2",1,charged_lepton,phi_scaled,uniform,torsional_offset,"0.50000000,0.50000000","0.00000000,0.00000000","1.61803399,2.61803399",2
S00038,"1,2",1,charged_lepton,phi_scaled,uniform,winding_parity,"0.50000000,0.50000000","0.52359878,0.00000000","1.61803399,2.61803399",2
S00039,"1,2",1,charged_lepton,phi_scaled,phi_decaying,exact_closure,"0.85065081,0.52573111","0.00000000,0.00000000","1.61803399,2.61803399",2
S00040,"1,2",1,charged_lepton,phi_scaled,phi_decaying,torsional_offset,"0.85065081,0.52573111","0.00000000,0.00000000","1.61803399,2.61803399",2
S00041,"1,2",1,charged_lepton,phi_scaled,phi_decaying,winding_parity,"0.85065081,0.52573111","0.52359878,0.00000000","1.61803399,2.61803399",2
S00042,"1,2",1,charged_lepton,phi_scaled,closure_weight,exact_closure,"0.95542256,0.29524181","0.00000000,0.00000000","1.61803399,2.61803399",2
S00043,"1,2",1,charged_lepton,phi_scaled,closure_weight,torsional_offset,"0.95542256,0.29524181","0.00000000,0.00000000","1.61803399,2.61803399",2
S00044,"1,2",1,charged_lepton,phi_scaled,closure_weight,winding_parity,"0.95542256,0.29524181","0.52359878,0.00000000","1.61803399,2.61803399",2
S00045,"1,2",1,charged_lepton,closure_corrected,uniform,exact_closure,"0.50000000,0.50000000","0.00000000,0.00000000","1.77983739,2.87983739",2
S00046,"1,2",1,charged_lepton,closure_corrected,uniform,torsional_offset,"0.50000000,0.50000000","0.00000000,0.00000000","1.77983739,2.87983739",2
S00047,"1,2",1,charged_lepton,closure_corrected,uniform,winding_parity,"0.50000000,0.50000000","0.52359878,0.00000000","1.77983739,2.87983739",2
S00048,"1,2",1,charged_lepton,closure_corrected,phi_decaying,exact_closure,"0.85065081,0.52573111","0.00000000,0.00000000","1.77983739,2.87983739",2
S00049,"1,2",1,charged_lepton,closure_corrected,phi_decaying,torsional_offset,"0.85065081,0.52573111","0.00000000,0.00000000","1.77983739,2.87983739",2
S00050,"1,2",1,charged_lepton,closure_corrected,phi_decaying,winding_parity,"0.85065081,0.52573111","0.52359878,0.00000000","1.77983739,2.87983739",2
S00051,"1,2",1,charged_lepton,closure_corrected,closure_weight,exact_closure,"0.95542256,0.29524181","0.00000000,0.00000000","1.77983739,2.87983739",2
S00052,"1,2",1,charged_lepton,closure_corrected,closure_weight,torsional_offset,"0.95542256,0.29524181","0.00000000,0.00000000","1.77983739,2.87983739",2
S00053,"1,2",1,charged_lepton,closure_corrected,closure_weight,winding_parity,"0.95542256,0.29524181","0.52359878,0.00000000","1.77983739,2.87983739",2
S00054,"2,3,4",1,baryon,linear,uniform,exact_closure,"0.33333333,0.33333333,0.33333333","0.00000000,0.00000000,0.00000000","2.00000000,3.00000000,4.00000000",3
S00055,"2,3,4",1,baryon,linear,uniform,torsional_offset,"0.33333333,0.33333333,0.33333333","0.00000000,0.00000000,0.00000000","2.00000000,3.00000000,4.00000000",3
S00056,"2,3,4",1,baryon,linear,uniform,winding_parity,"0.33333333,0.33333333,0.33333333","0.00000000,0.52359878,0.00000000","2.00000000,3.00000000,4.00000000",3
S00057,"2,3,4",1,baryon,linear,phi_decaying,exact_closure,"0.80901699,0.50000000,0.30901699","0.00000000,0.00000000,0.00000000","2.00000000,3.00000000,4.00000000",3
S00058,"2,3,4",1,baryon,linear,phi_decaying,torsional_offset,"0.80901699,0.50000000,0.30901699","0.00000000,0.00000000,0.00000000","2.00000000,3.00000000,4.00000000",3
S00059,"2,3,4",1,baryon,linear,phi_decaying,winding_parity,"0.80901699,0.50000000,0.30901699","0.00000000,0.52359878,0.00000000","2.00000000,3.00000000,4.00000000",3
S00060,"2,3,4",1,baryon,linear,closure_weight,exact_closure,"0.91050775,0.37514982,0.17389151","0.00000000,0.00000000,0.00000000","2.00000000,3.00000000,4.00000000",3
S00061,"2,3,4",1,baryon,linear,closure_weight,torsional_offset,"0.91050775,0.37514982,0.17389151","0.00000000,0.00000000,0.00000000","2.00000000,3.00000000,4.00000000",3
S00062,"2,3,4",1,baryon,linear,closure_weight,winding_parity,"0.91050775,0.37514982,0.17389151","0.00000000,0.52359878,0.00000000","2.00000000,3.00000000,4.00000000",3
S00063,"2,3,4",1,baryon,phi_scaled,uniform,exact_closure,"0.33333333,0.33333333,0.33333333","0.00000000,0.00000000,0.00000000","2.61803399,4.23606798,6.85410197",3
S00064,"2,3,4",1,baryon,phi_scaled,uniform,torsional_offset,"0.33333333,0.33333333,0.33333333","0.00000000,0.00000000,0.00000000","2.61803399,4.23606798,6.85410197",3
S00065,"2,3,4",1,baryon,phi_scaled,uniform,winding_parity,"0.33333333,0.33333333,0.33333333","0.00000000,0.52359878,0.00000000","2.61803399,4.23606798,6.85410197",3
S00066,"2,3,4",1,baryon,phi_scaled,phi_decaying,exact_closure,"0.80901699,0.50000000,0.30901699","0.00000000,0.00000000,0.00000000","2.61803399,4.23606798,6.85410197",3
S00067,"2,3,4",1,baryon,phi_scaled,phi_decaying,torsional_offset,"0.80901699,0.50000000,0.30901699","0.00000000,0.00000000,0.00000000","2.61803399,4.23606798,6.85410197",3
S00068,"2,3,4",1,baryon,phi_scaled,phi_decaying,winding_parity,"0.80901699,0.50000000,0.30901699","0.00000000,0.52359878,0.00000000","2.61803399,4.23606798,6.85410197",3
S00069,"2,3,4",1,baryon,phi_scaled,closure_weight,exact_closure,"0.91050775,0.37514982,0.17389151","0.00000000,0.00000000,0.00000000","2.61803399,4.23606798,6.85410197",3
S00070,"2,3,4",1,baryon,phi_scaled,closure_weight,torsional_offset,"0.91050775,0.37514982,0.17389151","0.00000000,0.00000000,0.00000000","2.61803399,4.23606798,6.85410197",3
S00071,"2,3,4",1,baryon,phi_scaled,closure_weight,winding_parity,"0.91050775,0.37514982,0.17389151","0.00000000,0.52359878,0.00000000","2.61803399,4.23606798,6.85410197",3
S00072,"2,3,4",1,baryon,closure_corrected,uniform,exact_closure,"0.33333333,0.33333333,0.33333333","0.00000000,0.00000000,0.00000000","2.87983739,4.65967478,7.53951216",3
S00073,"2,3,4",1,baryon,closure_corrected,uniform,torsional_offset,"0.33333333,0.33333333,0.33333333","0.00000000,0.00000000,0.00000000","2.87983739,4.65967478,7.53951216",3
S00074,"2,3,4",1,baryon,closure_corrected,uniform,winding_parity,"0.33333333,0.33333333,0.33333333","0.00000000,0.52359878,0.00000000","2.87983739,4.65967478,7.53951216",3
S00075,"2,3,4",1,baryon,closure_corrected,phi_decaying,exact_closure,"0.80901699,0.50000000,0.30901699","0.00000000,0.00000000,0.00000000","2.87983739,4.65967478,7.53951216",3
S00076,"2,3,4",1,baryon,closure_corrected,phi_decaying,torsional_offset,"0.80901699,0.50000000,0.30901699","0.00000000,0.00000000,0.00000000","2.87983739,4.65967478,7.53951216",3
S00077,"2,3,4",1,baryon,closure_corrected,phi_decaying,winding_parity,"0.80901699,0.50000000,0.30901699","0.00000000,0.52359878,0.00000000","2.87983739,4.65967478,7.53951216",3
S00078,"2,3,4",1,baryon,closure_corrected,closure_weight,exact_closure,"0.91050775,0.37514982,0.17389151","0.00000000,0.00000000,0.00000000","2.87983739,4.65967478,7.53951216",3
S00079,"2,3,4",1,baryon,closure_corrected,closure_weight,torsional_offset,"0.91050775,0.37514982,0.17389151","0.00000000,0.00000000,0.00000000","2.87983739,4.65967478,7.53951216",3
S00080,"2,3,4",1,baryon,closure_corrected,closure_weight,winding_parity,"0.91050775,0.37514982,0.17389151","0.00000000,0.52359878,0.00000000","2.87983739,4.65967478,7.53951216",3
S00081,"2,3,4",2,baryon,linear,uniform,exact_closure,"0.33333333,0.33333333,0.33333333","0.00000000,0.00000000,0.00000000","2.00000000,3.00000000,4.00000000",3
S00082,"2,3,4",2,baryon,linear,uniform,torsional_offset,"0.33333333,0.33333333,0.33333333","0.00000000,0.00000000,0.00000000","2.00000000,3.00000000,4.00000000",3
S00083,"2,3,4",2,baryon,linear,uniform,winding_parity,"0.33333333,0.33333333,0.33333333","0.00000000,0.52359878,0.00000000","2.00000000,3.00000000,4.00000000",3
S00084,"2,3,4",2,baryon,linear,phi_decaying,exact_closure,"0.80901699,0.50000000,0.30901699","0.00000000,0.00000000,0.00000000","2.00000000,3.00000000,4.00000000",3
S00085,"2,3,4",2,baryon,linear,phi_decaying,torsional_offset,"0.80901699,0.50000000,0.30901699","0.00000000,0.00000000,0.00000000","2.00000000,3.00000000,4.00000000",3
S00086,"2,3,4",2,baryon,linear,phi_decaying,winding_parity,"0.80901699,0.50000000,0.30901699","0.00000000,0.52359878,0.00000000","2.00000000,3.00000000,4.00000000",3
S00087,"2,3,4",2,baryon,linear,closure_weight,exact_closure,"0.91050775,0.37514982,0.17389151","0.00000000,0.00000000,0.00000000","2.00000000,3.00000000,4.00000000",3
S00088,"2,3,4",2,baryon,linear,closure_weight,torsional_offset,"0.91050775,0.37514982,0.17389151","0.00000000,0.00000000,0.00000000","2.00000000,3.00000000,4.00000000",3
S00089,"2,3,4",2,baryon,linear,closure_weight,winding_parity,"0.91050775,0.37514982,0.17389151","0.00000000,0.52359878,0.00000000","2.00000000,3.00000000,4.00000000",3
S00090,"2,3,4",2,baryon,phi_scaled,uniform,exact_closure,"0.33333333,0.33333333,0.33333333","0.00000000,0.00000000,0.00000000","2.61803399,4.23606798,6.85410197",3
S00091,"2,3,4",2,baryon,phi_scaled,uniform,torsional_offset,"0.33333333,0.33333333,0.33333333","0.00000000,0.00000000,0.00000000","2.61803399,4.23606798,6.85410197",3
S00092,"2,3,4",2,baryon,phi_scaled,uniform,winding_parity,"0.33333333,0.33333333,0.33333333","0.00000000,0.52359878,0.00000000","2.61803399,4.23606798,6.85410197",3
S00093,"2,3,4",2,baryon,phi_scaled,phi_decaying,exact_closure,"0.80901699,0.50000000,0.30901699","0.00000000,0.00000000,0.00000000","2.61803399,4.23606798,6.85410197",3
S00094,"2,3,4",2,baryon,phi_scaled,phi_decaying,torsional_offset,"0.80901699,0.50000000,0.30901699","0.00000000,0.00000000,0.00000000","2.61803399,4.23606798,6.85410197",3
S00095,"2,3,4",2,baryon,phi_scaled,phi_decaying,winding_parity,"0.80901699,0.50000000,0.30901699","0.00000000,0.52359878,0.00000000","2.61803399,4.23606798,6.85410197",3
S00096,"2,3,4",2,baryon,phi_scaled,closure_weight,exact_closure,"0.91050775,0.37514982,0.17389151","0.00000000,0.00000000,0.00000000","2.61803399,4.23606798,6.85410197",3
S00097,"2,3,4",2,baryon,phi_scaled,closure_weight,torsional_offset,"0.91050775,0.37514982,0.17389151","0.00000000,0.00000000,0.00000000","2.61803399,4.23606798,6.85410197",3
S00098,"2,3,4",2,baryon,phi_scaled,closure_weight,winding_parity,"0.91050775,0.37514982,0.17389151","0.00000000,0.52359878,0.00000000","2.61803399,4.23606798,6.85410197",3
S00099,"2,3,4",2,baryon,closure_corrected,uniform,exact_closure,"0.33333333,0.33333333,0.33333333","0.00000000,0.00000000,0.00000000","3.14164079,5.08328157,8.22492236",3
S00100,"2,3,4",2,baryon,closure_corrected,uniform,torsional_offset,"0.33333333,0.33333333,0.33333333","0.00000000,0.00000000,0.00000000","3.14164079,5.08328157,8.22492236",3
S00101,"2,3,4",2,baryon,closure_corrected,uniform,winding_parity,"0.33333333,0.33333333,0.33333333","0.00000000,0.52359878,0.00000000","3.14164079,5.08328157,8.22492236",3
S00102,"2,3,4",2,baryon,closure_corrected,phi_decaying,exact_closure,"0.80901699,0.50000000,0.30901699","0.00000000,0.00000000,0.00000000","3.14164079,5.08328157,8.22492236",3
S00103,"2,3,4",2,baryon,closure_corrected,phi_decaying,torsional_offset,"0.80901699,0.50000000,0.30901699","0.00000000,0.00000000,0.00000000","3.14164079,5.08328157,8.22492236",3
S00104,"2,3,4",2,baryon,closure_corrected,phi_decaying,winding_parity,"0.80901699,0.50000000,0.30901699","0.00000000,0.52359878,0.00000000","3.14164079,5.08328157,8.22492236",3
S00105,"2,3,4",2,baryon,closure_corrected,closure_weight,exact_closure,"0.91050775,0.37514982,0.17389151","0.00000000,0.00000000,0.00000000","3.14164079,5.08328157,8.22492236",3
S00106,"2,3,4",2,baryon,closure_corrected,closure_weight,torsional_offset,"0.91050775,0.37514982,0.17389151","0.00000000,0.00000000,0.00000000","3.14164079,5.08328157,8.22492236",3
S00107,"2,3,4",2,baryon,closure_corrected,closure_weight,winding_parity,"0.91050775,0.37514982,0.17389151","0.00000000,0.52359878,0.00000000","3.14164079,5.08328157,8.22492236",3
S00108,"2,3,4",3,baryon,linear,uniform,exact_closure,"0.33333333,0.33333333,0.33333333","0.00000000,0.00000000,0.00000000","2.00000000,3.00000000,4.00000000",3
S00109,"2,3,4",3,baryon,linear,uniform,torsional_offset,"0.33333333,0.33333333,0.33333333","0.00000000,0.00000000,0.00000000","2.00000000,3.00000000,4.00000000",3
S00110,"2,3,4",3,baryon,linear,uniform,winding_parity,"0.33333333,0.33333333,0.33333333","0.00000000,0.52359878,0.00000000","2.00000000,3.00000000,4.00000000",3
S00111,"2,3,4",3,baryon,linear,phi_decaying,exact_closure,"0.80901699,0.50000000,0.30901699","0.00000000,0.00000000,0.00000000","2.00000000,3.00000000,4.00000000",3
S00112,"2,3,4",3,baryon,linear,phi_decaying,torsional_offset,"0.80901699,0.50000000,0.30901699","0.00000000,0.00000000,0.00000000","2.00000000,3.00000000,4.00000000",3
S00113,"2,3,4",3,baryon,linear,phi_decaying,winding_parity,"0.80901699,0.50000000,0.30901699","0.00000000,0.52359878,0.00000000","2.00000000,3.00000000,4.00000000",3
S00114,"2,3,4",3,baryon,linear,closure_weight,exact_closure,"0.91050775,0.37514982,0.17389151","0.00000000,0.00000000,0.00000000","2.00000000,3.00000000,4.00000000",3
S00115,"2,3,4",3,baryon,linear,closure_weight,torsional_offset,"0.91050775,0.37514982,0.17389151","0.00000000,0.00000000,0.00000000","2.00000000,3.00000000,4.00000000",3
S00116,"2,3,4",3,baryon,linear,closure_weight,winding_parity,"0.91050775,0.37514982,0.17389151","0.00000000,0.52359878,0.00000000","2.00000000,3.00000000,4.00000000",3
S00117,"2,3,4",3,baryon,phi_scaled,uniform,exact_closure,"0.33333333,0.33333333,0.33333333","0.00000000,0.00000000,0.00000000","2.61803399,4.23606798,6.85410197",3
S00118,"2,3,4",3,baryon,phi_scaled,uniform,torsional_offset,"0.33333333,0.33333333,0.33333333","0.00000000,0.00000000,0.00000000","2.61803399,4.23606798,6.85410197",3
S00119,"2,3,4",3,baryon,phi_scaled,uniform,winding_parity,"0.33333333,0.33333333,0.33333333","0.00000000,0.52359878,0.00000000","2.61803399,4.23606798,6.85410197",3
S00120,"2,3,4",3,baryon,phi_scaled,phi_decaying,exact_closure,"0.80901699,0.50000000,0.30901699","0.00000000,0.00000000,0.00000000","2.61803399,4.23606798,6.85410197",3
S00121,"2,3,4",3,baryon,phi_scaled,phi_decaying,torsional_offset,"0.80901699,0.50000000,0.30901699","0.00000000,0.00000000,0.00000000","2.61803399,4.23606798,6.85410197",3
S00122,"2,3,4",3,baryon,phi_scaled,phi_decaying,winding_parity,"0.80901699,0.50000000,0.30901699","0.00000000,0.52359878,0.00000000","2.61803399,4.23606798,6.85410197",3
S00123,"2,3,4",3,baryon,phi_scaled,closure_weight,exact_closure,"0.91050775,0.37514982,0.17389151","0.00000000,0.00000000,0.00000000","2.61803399,4.23606798,6.85410197",3
S00124,"2,3,4",3,baryon,phi_scaled,closure_weight,torsional_offset,"0.91050775,0.37514982,0.17389151","0.00000000,0.00000000,0.00000000","2.61803399,4.23606798,6.85410197",3
S00125,"2,3,4",3,baryon,phi_scaled,closure_weight,winding_parity,"0.91050775,0.37514982,0.17389151","0.00000000,0.52359878,0.00000000","2.61803399,4.23606798,6.85410197",3
S00126,"2,3,4",3,baryon,closure_corrected,uniform,exact_closure,"0.33333333,0.33333333,0.33333333","0.00000000,0.00000000,0.00000000","3.40344419,5.50688837,8.91033256",3
S00127,"2,3,4",3,baryon,closure_corrected,uniform,torsional_offset,"0.33333333,0.33333333,0.33333333","0.00000000,0.00000000,0.00000000","3.40344419,5.50688837,8.91033256",3
S00128,"2,3,4",3,baryon,closure_corrected,uniform,winding_parity,"0.33333333,0.33333333,0.33333333","0.00000000,0.52359878,0.00000000","3.40344419,5.50688837,8.91033256",3
S00129,"2,3,4",3,baryon,closure_corrected,phi_decaying,exact_closure,"0.80901699,0.50000000,0.30901699","0.00000000,0.00000000,0.00000000","3.40344419,5.50688837,8.91033256",3
S00130,"2,3,4",3,baryon,closure_corrected,phi_decaying,torsional_offset,"0.80901699,0.50000000,0.30901699","0.00000000,0.00000000,0.00000000","3.40344419,5.50688837,8.91033256",3
S00131,"2,3,4",3,baryon,closure_corrected,phi_decaying,winding_parity,"0.80901699,0.50000000,0.30901699","0.00000000,0.52359878,0.00000000","3.40344419,5.50688837,8.91033256",3
S00132,"2,3,4",3,baryon,closure_corrected,closure_weight,exact_closure,"0.91050775,0.37514982,0.17389151","0.00000000,0.00000000,0.00000000","3.40344419,5.50688837,8.91033256",3
S00133,"2,3,4",3,baryon,closure_corrected,closure_weight,torsional_offset,"0.91050775,0.37514982,0.17389151","0.00000000,0.00000000,0.00000000","3.40344419,5.50688837,8.91033256",3
S00134,"2,3,4",3,baryon,closure_corrected,closure_weight,winding_parity,"0.91050775,0.37514982,0.17389151","0.00000000,0.52359878,0.00000000","3.40344419,5.50688837,8.91033256",3
S00135,"2,3,4,5",1,baryon,linear,uniform,exact_closure,"0.25000000,0.25000000,0.25000000,0.25000000","0.00000000,0.00000000,0.00000000,0.00000000","2.00000000,3.00000000,4.00000000,5.00000000",4
S00136,"2,3,4,5",1,baryon,linear,uniform,torsional_offset,"0.25000000,0.25000000,0.25000000,0.25000000","0.00000000,0.00000000,0.00000000,0.00000000","2.00000000,3.00000000,4.00000000,5.00000000",4
S00137,"2,3,4,5",1,baryon,linear,uniform,winding_parity,"0.25000000,0.25000000,0.25000000,0.25000000","0.00000000,0.52359878,0.00000000,0.52359878","2.00000000,3.00000000,4.00000000,5.00000000",4
S00138,"2,3,4,5",1,baryon,linear,phi_decaying,exact_closure,"0.79465447,0.49112347,0.30353100,0.18759247","0.00000000,0.00000000,0.00000000,0.00000000","2.00000000,3.00000000,4.00000000,5.00000000",4
S00139,"2,3,4,5",1,baryon,linear,phi_decaying,torsional_offset,"0.79465447,0.49112347,0.30353100,0.18759247","0.00000000,0.00000000,0.00000000,0.00000000","2.00000000,3.00000000,4.00000000,5.00000000",4
S00140,"2,3,4,5",1,baryon,linear,phi_decaying,winding_parity,"0.79465447,0.49112347,0.30353100,0.18759247","0.00000000,0.52359878,0.00000000,0.52359878","2.00000000,3.00000000,4.00000000,5.00000000",4
S00141,"2,3,4,5",1,baryon,linear,closure_weight,exact_closure,"0.90716106,0.37377091,0.17325235,0.08566067","0.00000000,0.00000000,0.00000000,0.00000000","2.00000000,3.00000000,4.00000000,5.00000000",4
S00142,"2,3,4,5",1,baryon,linear,closure_weight,torsional_offset,"0.90716106,0.37377091,0.17325235,0.08566067","0.00000000,0.00000000,0.00000000,0.00000000","2.00000000,3.00000000,4.00000000,5.00000000",4
S00143,"2,3,4,5",1,baryon,linear,closure_weight,winding_parity,"0.90716106,0.37377091,0.17325235,0.08566067","0.00000000,0.52359878,0.00000000,0.52359878","2.00000000,3.00000000,4.00000000,5.00000000",4
S00144,"2,3,4,5",1,baryon,phi_scaled,uniform,exact_closure,"0.25000000,0.25000000,0.25000000,0.25000000","0.00000000,0.00000000,0.00000000,0.00000000","2.61803399,4.23606798,6.85410197,11.09016994",4
S00145,"2,3,4,5",1,baryon,phi_scaled,uniform,torsional_offset,"0.25000000,0.25000000,0.25000000,0.25000000","0.00000000,0.00000000,0.00000000,0.00000000","2.61803399,4.23606798,6.85410197,11.09016994",4
S00146,"2,3,4,5",1,baryon,phi_scaled,uniform,winding_parity,"0.25000000,0.25000000,0.25000000,0.25000000","0.00000000,0.52359878,0.00000000,0.52359878","2.61803399,4.23606798,6.85410197,11.09016994",4
S00147,"2,3,4,5",1,baryon,phi_scaled,phi_decaying,exact_closure,"0.79465447,0.49112347,0.30353100,0.18759247","0.00000000,0.00000000,0.00000000,0.00000000","2.61803399,4.23606798,6.85410197,11.09016994",4
S00148,"2,3,4,5",1,baryon,phi_scaled,phi_decaying,torsional_offset,"0.79465447,0.49112347,0.30353100,0.18759247","0.00000000,0.00000000,0.00000000,0.00000000","2.61803399,4.23606798,6.85410197,11.09016994",4
S00149,"2,3,4,5",1,baryon,phi_scaled,phi_decaying,winding_parity,"0.79465447,0.49112347,0.30353100,0.18759247","0.00000000,0.52359878,0.00000000,0.52359878","2.61803399,4.23606798,6.85410197,11.09016994",4
S00150,"2,3,4,5",1,baryon,phi_scaled,closure_weight,exact_closure,"0.90716106,0.37377091,0.17325235,0.08566067","0.00000000,0.00000000,0.00000000,0.00000000","2.61803399,4.23606798,6.85410197,11.09016994",4
S00151,"2,3,4,5",1,baryon,phi_scaled,closure_weight,torsional_offset,"0.90716106,0.37377091,0.17325235,0.08566067","0.00000000,0.00000000,0.00000000,0.00000000","2.61803399,4.23606798,6.85410197,11.09016994",4
S00152,"2,3,4,5",1,baryon,phi_scaled,closure_weight,winding_parity,"0.90716106,0.37377091,0.17325235,0.08566067","0.00000000,0.52359878,0.00000000,0.52359878","2.61803399,4.23606798,6.85410197,11.09016994",4
S00153,"2,3,4,5",1,baryon,closure_corrected,uniform,exact_closure,"0.25000000,0.25000000,0.25000000,0.25000000","0.00000000,0.00000000,0.00000000,0.00000000","2.87983739,4.65967478,7.53951216,12.19918694",4
S00154,"2,3,4,5",1,baryon,closure_corrected,uniform,torsional_offset,"0.25000000,0.25000000,0.25000000,0.25000000","0.00000000,0.00000000,0.00000000,0.00000000","2.87983739,4.65967478,7.53951216,12.19918694",4
S00155,"2,3,4,5",1,baryon,closure_corrected,uniform,winding_parity,"0.25000000,0.25000000,0.25000000,0.25000000","0.00000000,0.52359878,0.00000000,0.52359878","2.87983739,4.65967478,7.53951216,12.19918694",4
S00156,"2,3,4,5",1,baryon,closure_corrected,phi_decaying,exact_closure,"0.79465447,0.49112347,0.30353100,0.18759247","0.00000000,0.00000000,0.00000000,0.00000000","2.87983739,4.65967478,7.53951216,12.19918694",4
S00157,"2,3,4,5",1,baryon,closure_corrected,phi_decaying,torsional_offset,"0.79465447,0.49112347,0.30353100,0.18759247","0.00000000,0.00000000,0.00000000,0.00000000","2.87983739,4.65967478,7.53951216,12.19918694",4
S00158,"2,3,4,5",1,baryon,closure_corrected,phi_decaying,winding_parity,"0.79465447,0.49112347,0.30353100,0.18759247","0.00000000,0.52359878,0.00000000,0.52359878","2.87983739,4.65967478,7.53951216,12.19918694",4
S00159,"2,3,4,5",1,baryon,closure_corrected,closure_weight,exact_closure,"0.90716106,0.37377091,0.17325235,0.08566067","0.00000000,0.00000000,0.00000000,0.00000000","2.87983739,4.65967478,7.53951216,12.19918694",4
S00160,"2,3,4,5",1,baryon,closure_corrected,closure_weight,torsional_offset,"0.90716106,0.37377091,0.17325235,0.08566067","0.00000000,0.00000000,0.00000000,0.00000000","2.87983739,4.65967478,7.53951216,12.19918694",4
S00161,"2,3,4,5",1,baryon,closure_corrected,closure_weight,winding_parity,"0.90716106,0.37377091,0.17325235,0.08566067","0.00000000,0.52359878,0.00000000,0.52359878","2.87983739,4.65967478,7.53951216,12.19918694",4
S00162,"2,3,4,5",2,baryon,linear,uniform,exact_closure,"0.25000000,0.25000000,0.25000000,0.25000000","0.00000000,0.00000000,0.00000000,0.00000000","2.00000000,3.00000000,4.00000000,5.00000000",4
S00163,"2,3,4,5",2,baryon,linear,uniform,torsional_offset,"0.25000000,0.25000000,0.25000000,0.25000000","0.00000000,0.00000000,0.00000000,0.00000000","2.00000000,3.00000000,4.00000000,5.00000000",4
S00164,"2,3,4,5",2,baryon,linear,uniform,winding_parity,"0.25000000,0.25000000,0.25000000,0.25000000","0.00000000,0.52359878,0.00000000,0.52359878","2.00000000,3.00000000,4.00000000,5.00000000",4
S00165,"2,3,4,5",2,baryon,linear,phi_decaying,exact_closure,"0.79465447,0.49112347,0.30353100,0.18759247","0.00000000,0.00000000,0.00000000,0.00000000","2.00000000,3.00000000,4.00000000,5.00000000",4
S00166,"2,3,4,5",2,baryon,linear,phi_decaying,torsional_offset,"0.79465447,0.49112347,0.30353100,0.18759247","0.00000000,0.00000000,0.00000000,0.00000000","2.00000000,3.00000000,4.00000000,5.00000000",4
S00167,"2,3,4,5",2,baryon,linear,phi_decaying,winding_parity,"0.79465447,0.49112347,0.30353100,0.18759247","0.00000000,0.52359878,0.00000000,0.52359878","2.00000000,3.00000000,4.00000000,5.00000000",4
S00168,"2,3,4,5",2,baryon,linear,closure_weight,exact_closure,"0.90716106,0.37377091,0.17325235,0.08566067","0.00000000,0.00000000,0.00000000,0.00000000","2.00000000,3.00000000,4.00000000,5.00000000",4
S00169,"2,3,4,5",2,baryon,linear,closure_weight,torsional_offset,"0.90716106,0.37377091,0.17325235,0.08566067","0.00000000,0.00000000,0.00000000,0.00000000","2.00000000,3.00000000,4.00000000,5.00000000",4
S00170,"2,3,4,5",2,baryon,linear,closure_weight,winding_parity,"0.90716106,0.37377091,0.17325235,0.08566067","0.00000000,0.52359878,0.00000000,0.52359878","2.00000000,3.00000000,4.00000000,5.00000000",4
S00171,"2,3,4,5",2,baryon,phi_scaled,uniform,exact_closure,"0.25000000,0.25000000,0.25000000,0.25000000","0.00000000,0.00000000,0.00000000,0.00000000","2.61803399,4.23606798,6.85410197,11.09016994",4
S00172,"2,3,4,5",2,baryon,phi_scaled,uniform,torsional_offset,"0.25000000,0.25000000,0.25000000,0.25000000","0.00000000,0.00000000,0.00000000,0.00000000","2.61803399,4.23606798,6.85410197,11.09016994",4
S00173,"2,3,4,5",2,baryon,phi_scaled,uniform,winding_parity,"0.25000000,0.25000000,0.25000000,0.25000000","0.00000000,0.52359878,0.00000000,0.52359878","2.61803399,4.23606798,6.85410197,11.09016994",4
S00174,"2,3,4,5",2,baryon,phi_scaled,phi_decaying,exact_closure,"0.79465447,0.49112347,0.30353100,0.18759247","0.00000000,0.00000000,0.00000000,0.00000000","2.61803399,4.23606798,6.85410197,11.09016994",4
S00175,"2,3,4,5",2,baryon,phi_scaled,phi_decaying,torsional_offset,"0.79465447,0.49112347,0.30353100,0.18759247","0.00000000,0.00000000,0.00000000,0.00000000","2.61803399,4.23606798,6.85410197,11.09016994",4
S00176,"2,3,4,5",2,baryon,phi_scaled,phi_decaying,winding_parity,"0.79465447,0.49112347,0.30353100,0.18759247","0.00000000,0.52359878,0.00000000,0.52359878","2.61803399,4.23606798,6.85410197,11.09016994",4
S00177,"2,3,4,5",2,baryon,phi_scaled,closure_weight,exact_closure,"0.90716106,0.37377091,0.17325235,0.08566067","0.00000000,0.00000000,0.00000000,0.00000000","2.61803399,4.23606798,6.85410197,11.09016994",4
S00178,"2,3,4,5",2,baryon,phi_scaled,closure_weight,torsional_offset,"0.90716106,0.37377091,0.17325235,0.08566067","0.00000000,0.00000000,0.00000000,0.00000000","2.61803399,4.23606798,6.85410197,11.09016994",4
S00179,"2,3,4,5",2,baryon,phi_scaled,closure_weight,winding_parity,"0.90716106,0.37377091,0.17325235,0.08566067","0.00000000,0.52359878,0.00000000,0.52359878","2.61803399,4.23606798,6.85410197,11.09016994",4
S00180,"2,3,4,5",2,baryon,closure_corrected,uniform,exact_closure,"0.25000000,0.25000000,0.25000000,0.25000000","0.00000000,0.00000000,0.00000000,0.00000000","3.14164079,5.08328157,8.22492236,13.30820393",4
S00181,"2,3,4,5",2,baryon,closure_corrected,uniform,torsional_offset,"0.25000000,0.25000000,0.25000000,0.25000000","0.00000000,0.00000000,0.00000000,0.00000000","3.14164079,5.08328157,8.22492236,13.30820393",4
S00182,"2,3,4,5",2,baryon,closure_corrected,uniform,winding_parity,"0.25000000,0.25000000,0.25000000,0.25000000","0.00000000,0.52359878,0.00000000,0.52359878","3.14164079,5.08328157,8.22492236,13.30820393",4
S00183,"2,3,4,5",2,baryon,closure_corrected,phi_decaying,exact_closure,"0.79465447,0.49112347,0.30353100,0.18759247","0.00000000,0.00000000,0.00000000,0.00000000","3.14164079,5.08328157,8.22492236,13.30820393",4
S00184,"2,3,4,5",2,baryon,closure_corrected,phi_decaying,torsional_offset,"0.79465447,0.49112347,0.30353100,0.18759247","0.00000000,0.00000000,0.00000000,0.00000000","3.14164079,5.08328157,8.22492236,13.30820393",4
S00185,"2,3,4,5",2,baryon,closure_corrected,phi_decaying,winding_parity,"0.79465447,0.49112347,0.30353100,0.18759247","0.00000000,0.52359878,0.00000000,0.52359878","3.14164079,5.08328157,8.22492236,13.30820393",4
S00186,"2,3,4,5",2,baryon,closure_corrected,closure_weight,exact_closure,"0.90716106,0.37377091,0.17325235,0.08566067","0.00000000,0.00000000,0.00000000,0.00000000","3.14164079,5.08328157,8.22492236,13.30820393",4
S00187,"2,3,4,5",2,baryon,closure_corrected,closure_weight,torsional_offset,"0.90716106,0.37377091,0.17325235,0.08566067","0.00000000,0.00000000,0.00000000,0.00000000","3.14164079,5.08328157,8.22492236,13.30820393",4
S00188,"2,3,4,5",2,baryon,closure_corrected,closure_weight,winding_parity,"0.90716106,0.37377091,0.17325235,0.08566067","0.00000000,0.52359878,0.00000000,0.52359878","3.14164079,5.08328157,8.22492236,13.30820393",4
S00189,"2,3,4,5",3,baryon,linear,uniform,exact_closure,"0.25000000,0.25000000,0.25000000,0.25000000","0.00000000,0.00000000,0.00000000,0.00000000","2.00000000,3.00000000,4.00000000,5.00000000",4
S00190,"2,3,4,5",3,baryon,linear,uniform,torsional_offset,"0.25000000,0.25000000,0.25000000,0.25000000","0.00000000,0.00000000,0.00000000,0.00000000","2.00000000,3.00000000,4.00000000,5.00000000",4
S00191,"2,3,4,5",3,baryon,linear,uniform,winding_parity,"0.25000000,0.25000000,0.25000000,0.25000000","0.00000000,0.52359878,0.00000000,0.52359878","2.00000000,3.00000000,4.00000000,5.00000000",4
S00192,"2,3,4,5",3,baryon,linear,phi_decaying,exact_closure,"0.79465447,0.49112347,0.30353100,0.18759247","0.00000000,0.00000000,0.00000000,0.00000000","2.00000000,3.00000000,4.00000000,5.00000000",4
S00193,"2,3,4,5",3,baryon,linear,phi_decaying,torsional_offset,"0.79465447,0.49112347,0.30353100,0.18759247","0.00000000,0.00000000,0.00000000,0.00000000","2.00000000,3.00000000,4.00000000,5.00000000",4
S00194,"2,3,4,5",3,baryon,linear,phi_decaying,winding_parity,"0.79465447,0.49112347,0.30353100,0.18759247","0.00000000,0.52359878,0.00000000,0.52359878","2.00000000,3.00000000,4.00000000,5.00000000",4
S00195,"2,3,4,5",3,baryon,linear,closure_weight,exact_closure,"0.90716106,0.37377091,0.17325235,0.08566067","0.00000000,0.00000000,0.00000000,0.00000000","2.00000000,3.00000000,4.00000000,5.00000000",4
S00196,"2,3,4,5",3,baryon,linear,closure_weight,torsional_offset,"0.90716106,0.37377091,0.17325235,0.08566067","0.00000000,0.00000000,0.00000000,0.00000000","2.00000000,3.00000000,4.00000000,5.00000000",4
S00197,"2,3,4,5",3,baryon,linear,closure_weight,winding_parity,"0.90716106,0.37377091,0.17325235,0.08566067","0.00000000,0.52359878,0.00000000,0.52359878","2.00000000,3.00000000,4.00000000,5.00000000",4
S00198,"2,3,4,5",3,baryon,phi_scaled,uniform,exact_closure,"0.25000000,0.25000000,0.25000000,0.25000000","0.00000000,0.00000000,0.00000000,0.00000000","2.61803399,4.23606798,6.85410197,11.09016994",4
S00199,"2,3,4,5",3,baryon,phi_scaled,uniform,torsional_offset,"0.25000000,0.25000000,0.25000000,0.25000000","0.00000000,0.00000000,0.00000000,0.00000000","2.61803399,4.23606798,6.85410197,11.09016994",4
S00200,"2,3,4,5",3,baryon,phi_scaled,uniform,winding_parity,"0.25000000,0.25000000,0.25000000,0.25000000","0.00000000,0.52359878,0.00000000,0.52359878","2.61803399,4.23606798,6.85410197,11.09016994",4
S00201,"2,3,4,5",3,baryon,phi_scaled,phi_decaying,exact_closure,"0.79465447,0.49112347,0.30353100,0.18759247","0.00000000,0.00000000,0.00000000,0.00000000","2.61803399,4.23606798,6.85410197,11.09016994",4
S00202,"2,3,4,5",3,baryon,phi_scaled,phi_decaying,torsional_offset,"0.79465447,0.49112347,0.30353100,0.18759247","0.00000000,0.00000000,0.00000000,0.00000000","2.61803399,4.23606798,6.85410197,11.09016994",4
S00203,"2,3,4,5",3,baryon,phi_scaled,phi_decaying,winding_parity,"0.79465447,0.49112347,0.30353100,0.18759247","0.00000000,0.52359878,0.00000000,0.52359878","2.61803399,4.23606798,6.85410197,11.09016994",4
S00204,"2,3,4,5",3,baryon,phi_scaled,closure_weight,exact_closure,"0.90716106,0.37377091,0.17325235,0.08566067","0.00000000,0.00000000,0.00000000,0.00000000","2.61803399,4.23606798,6.85410197,11.09016994",4
S00205,"2,3,4,5",3,baryon,phi_scaled,closure_weight,torsional_offset,"0.90716106,0.37377091,0.17325235,0.08566067","0.00000000,0.00000000,0.00000000,0.00000000","2.61803399,4.23606798,6.85410197,11.09016994",4
S00206,"2,3,4,5",3,baryon,phi_scaled,closure_weight,winding_parity,"0.90716106,0.37377091,0.17325235,0.08566067","0.00000000,0.52359878,0.00000000,0.52359878","2.61803399,4.23606798,6.85410197,11.09016994",4
S00207,"2,3,4,5",3,baryon,closure_corrected,uniform,exact_closure,"0.25000000,0.25000000,0.25000000,0.25000000","0.00000000,0.00000000,0.00000000,0.00000000","3.40344419,5.50688837,8.91033256,14.41722093",4
S00208,"2,3,4,5",3,baryon,closure_corrected,uniform,torsional_offset,"0.25000000,0.25000000,0.25000000,0.25000000","0.00000000,0.00000000,0.00000000,0.00000000","3.40344419,5.50688837,8.91033256,14.41722093",4
S00209,"2,3,4,5",3,baryon,closure_corrected,uniform,winding_parity,"0.25000000,0.25000000,0.25000000,0.25000000","0.00000000,0.52359878,0.00000000,0.52359878","3.40344419,5.50688837,8.91033256,14.41722093",4
S00210,"2,3,4,5",3,baryon,closure_corrected,phi_decaying,exact_closure,"0.79465447,0.49112347,0.30353100,0.18759247","0.00000000,0.00000000,0.00000000,0.00000000","3.40344419,5.50688837,8.91033256,14.41722093",4
S00211,"2,3,4,5",3,baryon,closure_corrected,phi_decaying,torsional_offset,"0.79465447,0.49112347,0.30353100,0.18759247","0.00000000,0.00000000,0.00000000,0.00000000","3.40344419,5.50688837,8.91033256,14.41722093",4
S00212,"2,3,4,5",3,baryon,closure_corrected,phi_decaying,winding_parity,"0.79465447,0.49112347,0.30353100,0.18759247","0.00000000,0.52359878,0.00000000,0.52359878","3.40344419,5.50688837,8.91033256,14.41722093",4
S00213,"2,3,4,5",3,baryon,closure_corrected,closure_weight,exact_closure,"0.90716106,0.37377091,0.17325235,0.08566067","0.00000000,0.00000000,0.00000000,0.00000000","3.40344419,5.50688837,8.91033256,14.41722093",4
S00214,"2,3,4,5",3,baryon,closure_corrected,closure_weight,torsional_offset,"0.90716106,0.37377091,0.17325235,0.08566067","0.00000000,0.00000000,0.00000000,0.00000000","3.40344419,5.50688837,8.91033256,14.41722093",4
S00215,"2,3,4,5",3,baryon,closure_corrected,closure_weight,winding_parity,"0.90716106,0.37377091,0.17325235,0.08566067","0.00000000,0.52359878,0.00000000,0.52359878","3.40344419,5.50688837,8.91033256,14.41722093",4
S00216,"3,4,5",1,baryon,linear,uniform,exact_closure,"0.33333333,0.33333333,0.33333333","0.00000000,0.00000000,0.00000000","3.00000000,4.00000000,5.00000000",3
S00217,"3,4,5",1,baryon,linear,uniform,torsional_offset,"0.33333333,0.33333333,0.33333333","0.00000000,0.00000000,0.00000000","3.00000000,4.00000000,5.00000000",3
S00218,"3,4,5",1,baryon,linear,uniform,winding_parity,"0.33333333,0.33333333,0.33333333","0.52359878,0.00000000,0.52359878","3.00000000,4.00000000,5.00000000",3
S00219,"3,4,5",1,baryon,linear,phi_decaying,exact_closure,"0.80901699,0.50000000,0.30901699","0.00000000,0.00000000,0.00000000","3.00000000,4.00000000,5.00000000",3
S00220,"3,4,5",1,baryon,linear,phi_decaying,torsional_offset,"0.80901699,0.50000000,0.30901699","0.00000000,0.00000000,0.00000000","3.00000000,4.00000000,5.00000000",3
S00221,"3,4,5",1,baryon,linear,phi_decaying,winding_parity,"0.80901699,0.50000000,0.30901699","0.52359878,0.00000000,0.52359878","3.00000000,4.00000000,5.00000000",3
S00222,"3,4,5",1,baryon,linear,closure_weight,exact_closure,"0.88827352,0.41173742,0.20357418","0.00000000,0.00000000,0.00000000","3.00000000,4.00000000,5.00000000",3
S00223,"3,4,5",1,baryon,linear,closure_weight,torsional_offset,"0.88827352,0.41173742,0.20357418","0.00000000,0.00000000,0.00000000","3.00000000,4.00000000,5.00000000",3
S00224,"3,4,5",1,baryon,linear,closure_weight,winding_parity,"0.88827352,0.41173742,0.20357418","0.52359878,0.00000000,0.52359878","3.00000000,4.00000000,5.00000000",3
S00225,"3,4,5",1,baryon,phi_scaled,uniform,exact_closure,"0.33333333,0.33333333,0.33333333","0.00000000,0.00000000,0.00000000","4.23606798,6.85410197,11.09016994",3
S00226,"3,4,5",1,baryon,phi_scaled,uniform,torsional_offset,"0.33333333,0.33333333,0.33333333","0.00000000,0.00000000,0.00000000","4.23606798,6.85410197,11.09016994",3
S00227,"3,4,5",1,baryon,phi_scaled,uniform,winding_parity,"0.33333333,0.33333333,0.33333333","0.52359878,0.00000000,0.52359878","4.23606798,6.85410197,11.09016994",3
S00228,"3,4,5",1,baryon,phi_scaled,phi_decaying,exact_closure,"0.80901699,0.50000000,0.30901699","0.00000000,0.00000000,0.00000000","4.23606798,6.85410197,11.09016994",3
S00229,"3,4,5",1,baryon,phi_scaled,phi_decaying,torsional_offset,"0.80901699,0.50000000,0.30901699","0.00000000,0.00000000,0.00000000","4.23606798,6.85410197,11.09016994",3
S00230,"3,4,5",1,baryon,phi_scaled,phi_decaying,winding_parity,"0.80901699,0.50000000,0.30901699","0.52359878,0.00000000,0.52359878","4.23606798,6.85410197,11.09016994",3
S00231,"3,4,5",1,baryon,phi_scaled,closure_weight,exact_closure,"0.88827352,0.41173742,0.20357418","0.00000000,0.00000000,0.00000000","4.23606798,6.85410197,11.09016994",3
S00232,"3,4,5",1,baryon,phi_scaled,closure_weight,torsional_offset,"0.88827352,0.41173742,0.20357418","0.00000000,0.00000000,0.00000000","4.23606798,6.85410197,11.09016994",3
S00233,"3,4,5",1,baryon,phi_scaled,closure_weight,winding_parity,"0.88827352,0.41173742,0.20357418","0.52359878,0.00000000,0.52359878","4.23606798,6.85410197,11.09016994",3
S00234,"3,4,5",1,baryon,closure_corrected,uniform,exact_closure,"0.33333333,0.33333333,0.33333333","0.00000000,0.00000000,0.00000000","4.65967478,7.53951216,12.19918694",3
S00235,"3,4,5",1,baryon,closure_corrected,uniform,torsional_offset,"0.33333333,0.33333333,0.33333333","0.00000000,0.00000000,0.00000000","4.65967478,7.53951216,12.19918694",3
S00236,"3,4,5",1,baryon,closure_corrected,uniform,winding_parity,"0.33333333,0.33333333,0.33333333","0.52359878,0.00000000,0.52359878","4.65967478,7.53951216,12.19918694",3
S00237,"3,4,5",1,baryon,closure_corrected,phi_decaying,exact_closure,"0.80901699,0.50000000,0.30901699","0.00000000,0.00000000,0.00000000","4.65967478,7.53951216,12.19918694",3
S00238,"3,4,5",1,baryon,closure_corrected,phi_decaying,torsional_offset,"0.80901699,0.50000000,0.30901699","0.00000000,0.00000000,0.00000000","4.65967478,7.53951216,12.19918694",3
S00239,"3,4,5",1,baryon,closure_corrected,phi_decaying,winding_parity,"0.80901699,0.50000000,0.30901699","0.52359878,0.00000000,0.52359878","4.65967478,7.53951216,12.19918694",3
S00240,"3,4,5",1,baryon,closure_corrected,closure_weight,exact_closure,"0.88827352,0.41173742,0.20357418","0.00000000,0.00000000,0.00000000","4.65967478,7.53951216,12.19918694",3
S00241,"3,4,5",1,baryon,closure_corrected,closure_weight,torsional_offset,"0.88827352,0.41173742,0.20357418","0.00000000,0.00000000,0.00000000","4.65967478,7.53951216,12.19918694",3
S00242,"3,4,5",1,baryon,closure_corrected,closure_weight,winding_parity,"0.88827352,0.41173742,0.20357418","0.52359878,0.00000000,0.52359878","4.65967478,7.53951216,12.19918694",3
S00243,"3,4,5",2,baryon,linear,uniform,exact_closure,"0.33333333,0.33333333,0.33333333","0.00000000,0.00000000,0.00000000","3.00000000,4.00000000,5.00000000",3
S00244,"3,4,5",2,baryon,linear,uniform,torsional_offset,"0.33333333,0.33333333,0.33333333","0.00000000,0.00000000,0.00000000","3.00000000,4.00000000,5.00000000",3
S00245,"3,4,5",2,baryon,linear,uniform,winding_parity,"0.33333333,0.33333333,0.33333333","0.52359878,0.00000000,0.52359878","3.00000000,4.00000000,5.00000000",3
S00246,"3,4,5",2,baryon,linear,phi_decaying,exact_closure,"0.80901699,0.50000000,0.30901699","0.00000000,0.00000000,0.00000000","3.00000000,4.00000000,5.00000000",3
S00247,"3,4,5",2,baryon,linear,phi_decaying,torsional_offset,"0.80901699,0.50000000,0.30901699","0.00000000,0.00000000,0.00000000","3.00000000,4.00000000,5.00000000",3
S00248,"3,4,5",2,baryon,linear,phi_decaying,winding_parity,"0.80901699,0.50000000,0.30901699","0.52359878,0.00000000,0.52359878","3.00000000,4.00000000,5.00000000",3
S00249,"3,4,5",2,baryon,linear,closure_weight,exact_closure,"0.88827352,0.41173742,0.20357418","0.00000000,0.00000000,0.00000000","3.00000000,4.00000000,5.00000000",3
S00250,"3,4,5",2,baryon,linear,closure_weight,torsional_offset,"0.88827352,0.41173742,0.20357418","0.00000000,0.00000000,0.00000000","3.00000000,4.00000000,5.00000000",3
S00251,"3,4,5",2,baryon,linear,closure_weight,winding_parity,"0.88827352,0.41173742,0.20357418","0.52359878,0.00000000,0.52359878","3.00000000,4.00000000,5.00000000",3
S00252,"3,4,5",2,baryon,phi_scaled,uniform,exact_closure,"0.33333333,0.33333333,0.33333333","0.00000000,0.00000000,0.00000000","4.23606798,6.85410197,11.09016994",3
S00253,"3,4,5",2,baryon,phi_scaled,uniform,torsional_offset,"0.33333333,0.33333333,0.33333333","0.00000000,0.00000000,0.00000000","4.23606798,6.85410197,11.09016994",3
S00254,"3,4,5",2,baryon,phi_scaled,uniform,winding_parity,"0.33333333,0.33333333,0.33333333","0.52359878,0.00000000,0.52359878","4.23606798,6.85410197,11.09016994",3
S00255,"3,4,5",2,baryon,phi_scaled,phi_decaying,exact_closure,"0.80901699,0.50000000,0.30901699","0.00000000,0.00000000,0.00000000","4.23606798,6.85410197,11.09016994",3
S00256,"3,4,5",2,baryon,phi_scaled,phi_decaying,torsional_offset,"0.80901699,0.50000000,0.30901699","0.00000000,0.00000000,0.00000000","4.23606798,6.85410197,11.09016994",3
S00257,"3,4,5",2,baryon,phi_scaled,phi_decaying,winding_parity,"0.80901699,0.50000000,0.30901699","0.52359878,0.00000000,0.52359878","4.23606798,6.85410197,11.09016994",3
S00258,"3,4,5",2,baryon,phi_scaled,closure_weight,exact_closure,"0.88827352,0.41173742,0.20357418","0.00000000,0.00000000,0.00000000","4.23606798,6.85410197,11.09016994",3
S00259,"3,4,5",2,baryon,phi_scaled,closure_weight,torsional_offset,"0.88827352,0.41173742,0.20357418","0.00000000,0.00000000,0.00000000","4.23606798,6.85410197,11.09016994",3
S00260,"3,4,5",2,baryon,phi_scaled,closure_weight,winding_parity,"0.88827352,0.41173742,0.20357418","0.52359878,0.00000000,0.52359878","4.23606798,6.85410197,11.09016994",3
S00261,"3,4,5",2,baryon,closure_corrected,uniform,exact_closure,"0.33333333,0.33333333,0.33333333","0.00000000,0.00000000,0.00000000","5.08328157,8.22492236,13.30820393",3
S00262,"3,4,5",2,baryon,closure_corrected,uniform,torsional_offset,"0.33333333,0.33333333,0.33333333","0.00000000,0.00000000,0.00000000","5.08328157,8.22492236,13.30820393",3
S00263,"3,4,5",2,baryon,closure_corrected,uniform,winding_parity,"0.33333333,0.33333333,0.33333333","0.52359878,0.00000000,0.52359878","5.08328157,8.22492236,13.30820393",3
S00264,"3,4,5",2,baryon,closure_corrected,phi_decaying,exact_closure,"0.80901699,0.50000000,0.30901699","0.00000000,0.00000000,0.00000000","5.08328157,8.22492236,13.30820393",3
S00265,"3,4,5",2,baryon,closure_corrected,phi_decaying,torsional_offset,"0.80901699,0.50000000,0.30901699","0.00000000,0.00000000,0.00000000","5.08328157,8.22492236,13.30820393",3
S00266,"3,4,5",2,baryon,closure_corrected,phi_decaying,winding_parity,"0.80901699,0.50000000,0.30901699","0.52359878,0.00000000,0.52359878","5.08328157,8.22492236,13.30820393",3
S00267,"3,4,5",2,baryon,closure_corrected,closure_weight,exact_closure,"0.88827352,0.41173742,0.20357418","0.00000000,0.00000000,0.00000000","5.08328157,8.22492236,13.30820393",3
S00268,"3,4,5",2,baryon,closure_corrected,closure_weight,torsional_offset,"0.88827352,0.41173742,0.20357418","0.00000000,0.00000000,0.00000000","5.08328157,8.22492236,13.30820393",3
S00269,"3,4,5",2,baryon,closure_corrected,closure_weight,winding_parity,"0.88827352,0.41173742,0.20357418","0.52359878,0.00000000,0.52359878","5.08328157,8.22492236,13.30820393",3
S00270,"3,4,5",3,baryon,linear,uniform,exact_closure,"0.33333333,0.33333333,0.33333333","0.00000000,0.00000000,0.00000000","3.00000000,4.00000000,5.00000000",3
S00271,"3,4,5",3,baryon,linear,uniform,torsional_offset,"0.33333333,0.33333333,0.33333333","0.00000000,0.00000000,0.00000000","3.00000000,4.00000000,5.00000000",3
S00272,"3,4,5",3,baryon,linear,uniform,winding_parity,"0.33333333,0.33333333,0.33333333","0.52359878,0.00000000,0.52359878","3.00000000,4.00000000,5.00000000",3
S00273,"3,4,5",3,baryon,linear,phi_decaying,exact_closure,"0.80901699,0.50000000,0.30901699","0.00000000,0.00000000,0.00000000","3.00000000,4.00000000,5.00000000",3
S00274,"3,4,5",3,baryon,linear,phi_decaying,torsional_offset,"0.80901699,0.50000000,0.30901699","0.00000000,0.00000000,0.00000000","3.00000000,4.00000000,5.00000000",3
S00275,"3,4,5",3,baryon,linear,phi_decaying,winding_parity,"0.80901699,0.50000000,0.30901699","0.52359878,0.00000000,0.52359878","3.00000000,4.00000000,5.00000000",3
S00276,"3,4,5",3,baryon,linear,closure_weight,exact_closure,"0.88827352,0.41173742,0.20357418","0.00000000,0.00000000,0.00000000","3.00000000,4.00000000,5.00000000",3
S00277,"3,4,5",3,baryon,linear,closure_weight,torsional_offset,"0.88827352,0.41173742,0.20357418","0.00000000,0.00000000,0.00000000","3.00000000,4.00000000,5.00000000",3
S00278,"3,4,5",3,baryon,linear,closure_weight,winding_parity,"0.88827352,0.41173742,0.20357418","0.52359878,0.00000000,0.52359878","3.00000000,4.00000000,5.00000000",3
S00279,"3,4,5",3,baryon,phi_scaled,uniform,exact_closure,"0.33333333,0.33333333,0.33333333","0.00000000,0.00000000,0.00000000","4.23606798,6.85410197,11.09016994",3
S00280,"3,4,5",3,baryon,phi_scaled,uniform,torsional_offset,"0.33333333,0.33333333,0.33333333","0.00000000,0.00000000,0.00000000","4.23606798,6.85410197,11.09016994",3
S00281,"3,4,5",3,baryon,phi_scaled,uniform,winding_parity,"0.33333333,0.33333333,0.33333333","0.52359878,0.00000000,0.52359878","4.23606798,6.85410197,11.09016994",3
S00282,"3,4,5",3,baryon,phi_scaled,phi_decaying,exact_closure,"0.80901699,0.50000000,0.30901699","0.00000000,0.00000000,0.00000000","4.23606798,6.85410197,11.09016994",3
S00283,"3,4,5",3,baryon,phi_scaled,phi_decaying,torsional_offset,"0.80901699,0.50000000,0.30901699","0.00000000,0.00000000,0.00000000","4.23606798,6.85410197,11.09016994",3
S00284,"3,4,5",3,baryon,phi_scaled,phi_decaying,winding_parity,"0.80901699,0.50000000,0.30901699","0.52359878,0.00000000,0.52359878","4.23606798,6.85410197,11.09016994",3
S00285,"3,4,5",3,baryon,phi_scaled,closure_weight,exact_closure,"0.88827352,0.41173742,0.20357418","0.00000000,0.00000000,0.00000000","4.23606798,6.85410197,11.09016994",3
S00286,"3,4,5",3,baryon,phi_scaled,closure_weight,torsional_offset,"0.88827352,0.41173742,0.20357418","0.00000000,0.00000000,0.00000000","4.23606798,6.85410197,11.09016994",3
S00287,"3,4,5",3,baryon,phi_scaled,closure_weight,winding_parity,"0.88827352,0.41173742,0.20357418","0.52359878,0.00000000,0.52359878","4.23606798,6.85410197,11.09016994",3
S00288,"3,4,5",3,baryon,closure_corrected,uniform,exact_closure,"0.33333333,0.33333333,0.33333333","0.00000000,0.00000000,0.00000000","5.50688837,8.91033256,14.41722093",3
S00289,"3,4,5",3,baryon,closure_corrected,uniform,torsional_offset,"0.33333333,0.33333333,0.33333333","0.00000000,0.00000000,0.00000000","5.50688837,8.91033256,14.41722093",3
S00290,"3,4,5",3,baryon,closure_corrected,uniform,winding_parity,"0.33333333,0.33333333,0.33333333","0.52359878,0.00000000,0.52359878","5.50688837,8.91033256,14.41722093",3
S00291,"3,4,5",3,baryon,closure_corrected,phi_decaying,exact_closure,"0.80901699,0.50000000,0.30901699","0.00000000,0.00000000,0.00000000","5.50688837,8.91033256,14.41722093",3
S00292,"3,4,5",3,baryon,closure_corrected,phi_decaying,torsional_offset,"0.80901699,0.50000000,0.30901699","0.00000000,0.00000000,0.00000000","5.50688837,8.91033256,14.41722093",3
S00293,"3,4,5",3,baryon,closure_corrected,phi_decaying,winding_parity,"0.80901699,0.50000000,0.30901699","0.52359878,0.00000000,0.52359878","5.50688837,8.91033256,14.41722093",3
S00294,"3,4,5",3,baryon,closure_corrected,closure_weight,exact_closure,"0.88827352,0.41173742,0.20357418","0.00000000,0.00000000,0.00000000","5.50688837,8.91033256,14.41722093",3
S00295,"3,4,5",3,baryon,closure_corrected,closure_weight,torsional_offset,"0.88827352,0.41173742,0.20357418","0.00000000,0.00000000,0.00000000","5.50688837,8.91033256,14.41722093",3
S00296,"3,4,5",3,baryon,closure_corrected,closure_weight,winding_parity,"0.88827352,0.41173742,0.20357418","0.52359878,0.00000000,0.52359878","5.50688837,8.91033256,14.41722093",3
S00297,"2,3,4",1,baryon_neutral,linear,uniform,exact_closure,"0.33333333,0.33333333,0.33333333","0.00000000,0.00000000,0.00000000","2.00000000,3.00000000,4.00000000",3
S00298,"2,3,4",1,baryon_neutral,linear,uniform,torsional_offset,"0.33333333,0.33333333,0.33333333","0.02000000,0.03000000,0.04000000","2.00000000,3.00000000,4.00000000",3
S00299,"2,3,4",1,baryon_neutral,linear,uniform,winding_parity,"0.33333333,0.33333333,0.33333333","0.00000000,0.52359878,0.00000000","2.00000000,3.00000000,4.00000000",3
S00300,"2,3,4",1,baryon_neutral,linear,phi_decaying,exact_closure,"0.80901699,0.50000000,0.30901699","0.00000000,0.00000000,0.00000000","2.00000000,3.00000000,4.00000000",3
S00301,"2,3,4",1,baryon_neutral,linear,phi_decaying,torsional_offset,"0.80901699,0.50000000,0.30901699","0.02000000,0.03000000,0.04000000","2.00000000,3.00000000,4.00000000",3
S00302,"2,3,4",1,baryon_neutral,linear,phi_decaying,winding_parity,"0.80901699,0.50000000,0.30901699","0.00000000,0.52359878,0.00000000","2.00000000,3.00000000,4.00000000",3
S00303,"2,3,4",1,baryon_neutral,linear,closure_weight,exact_closure,"0.91050775,0.37514982,0.17389151","0.00000000,0.00000000,0.00000000","2.00000000,3.00000000,4.00000000",3
S00304,"2,3,4",1,baryon_neutral,linear,closure_weight,torsional_offset,"0.91050775,0.37514982,0.17389151","0.02000000,0.03000000,0.04000000","2.00000000,3.00000000,4.00000000",3
S00305,"2,3,4",1,baryon_neutral,linear,closure_weight,winding_parity,"0.91050775,0.37514982,0.17389151","0.00000000,0.52359878,0.00000000","2.00000000,3.00000000,4.00000000",3
S00306,"2,3,4",1,baryon_neutral,phi_scaled,uniform,exact_closure,"0.33333333,0.33333333,0.33333333","0.00000000,0.00000000,0.00000000","2.61803399,4.23606798,6.85410197",3
S00307,"2,3,4",1,baryon_neutral,phi_scaled,uniform,torsional_offset,"0.33333333,0.33333333,0.33333333","0.02000000,0.03000000,0.04000000","2.61803399,4.23606798,6.85410197",3
S00308,"2,3,4",1,baryon_neutral,phi_scaled,uniform,winding_parity,"0.33333333,0.33333333,0.33333333","0.00000000,0.52359878,0.00000000","2.61803399,4.23606798,6.85410197",3
S00309,"2,3,4",1,baryon_neutral,phi_scaled,phi_decaying,exact_closure,"0.80901699,0.50000000,0.30901699","0.00000000,0.00000000,0.00000000","2.61803399,4.23606798,6.85410197",3
S00310,"2,3,4",1,baryon_neutral,phi_scaled,phi_decaying,torsional_offset,"0.80901699,0.50000000,0.30901699","0.02000000,0.03000000,0.04000000","2.61803399,4.23606798,6.85410197",3
S00311,"2,3,4",1,baryon_neutral,phi_scaled,phi_decaying,winding_parity,"0.80901699,0.50000000,0.30901699","0.00000000,0.52359878,0.00000000","2.61803399,4.23606798,6.85410197",3
S00312,"2,3,4",1,baryon_neutral,phi_scaled,closure_weight,exact_closure,"0.91050775,0.37514982,0.17389151","0.00000000,0.00000000,0.00000000","2.61803399,4.23606798,6.85410197",3
S00313,"2,3,4",1,baryon_neutral,phi_scaled,closure_weight,torsional_offset,"0.91050775,0.37514982,0.17389151","0.02000000,0.03000000,0.04000000","2.61803399,4.23606798,6.85410197",3
S00314,"2,3,4",1,baryon_neutral,phi_scaled,closure_weight,winding_parity,"0.91050775,0.37514982,0.17389151","0.00000000,0.52359878,0.00000000","2.61803399,4.23606798,6.85410197",3
S00315,"2,3,4",1,baryon_neutral,closure_corrected,uniform,exact_closure,"0.33333333,0.33333333,0.33333333","0.00000000,0.00000000,0.00000000","2.87983739,4.65967478,7.53951216",3
S00316,"2,3,4",1,baryon_neutral,closure_corrected,uniform,torsional_offset,"0.33333333,0.33333333,0.33333333","0.02000000,0.03000000,0.04000000","2.87983739,4.65967478,7.53951216",3
S00317,"2,3,4",1,baryon_neutral,closure_corrected,uniform,winding_parity,"0.33333333,0.33333333,0.33333333","0.00000000,0.52359878,0.00000000","2.87983739,4.65967478,7.53951216",3
S00318,"2,3,4",1,baryon_neutral,closure_corrected,phi_decaying,exact_closure,"0.80901699,0.50000000,0.30901699","0.00000000,0.00000000,0.00000000","2.87983739,4.65967478,7.53951216",3
S00319,"2,3,4",1,baryon_neutral,closure_corrected,phi_decaying,torsional_offset,"0.80901699,0.50000000,0.30901699","0.02000000,0.03000000,0.04000000","2.87983739,4.65967478,7.53951216",3
S00320,"2,3,4",1,baryon_neutral,closure_corrected,phi_decaying,winding_parity,"0.80901699,0.50000000,0.30901699","0.00000000,0.52359878,0.00000000","2.87983739,4.65967478,7.53951216",3
S00321,"2,3,4",1,baryon_neutral,closure_corrected,closure_weight,exact_closure,"0.91050775,0.37514982,0.17389151","0.00000000,0.00000000,0.00000000","2.87983739,4.65967478,7.53951216",3
S00322,"2,3,4",1,baryon_neutral,closure_corrected,closure_weight,torsional_offset,"0.91050775,0.37514982,0.17389151","0.02000000,0.03000000,0.04000000","2.87983739,4.65967478,7.53951216",3
S00323,"2,3,4",1,baryon_neutral,closure_corrected,closure_weight,winding_parity,"0.91050775,0.37514982,0.17389151","0.00000000,0.52359878,0.00000000","2.87983739,4.65967478,7.53951216",3
S00324,"2,3,4",2,baryon_neutral,linear,uniform,exact_closure,"0.33333333,0.33333333,0.33333333","0.00000000,0.00000000,0.00000000","2.00000000,3.00000000,4.00000000",3
S00325,"2,3,4",2,baryon_neutral,linear,uniform,torsional_offset,"0.33333333,0.33333333,0.33333333","0.02000000,0.03000000,0.04000000","2.00000000,3.00000000,4.00000000",3
S00326,"2,3,4",2,baryon_neutral,linear,uniform,winding_parity,"0.33333333,0.33333333,0.33333333","0.00000000,0.52359878,0.00000000","2.00000000,3.00000000,4.00000000",3
S00327,"2,3,4",2,baryon_neutral,linear,phi_decaying,exact_closure,"0.80901699,0.50000000,0.30901699","0.00000000,0.00000000,0.00000000","2.00000000,3.00000000,4.00000000",3
S00328,"2,3,4",2,baryon_neutral,linear,phi_decaying,torsional_offset,"0.80901699,0.50000000,0.30901699","0.02000000,0.03000000,0.04000000","2.00000000,3.00000000,4.00000000",3
S00329,"2,3,4",2,baryon_neutral,linear,phi_decaying,winding_parity,"0.80901699,0.50000000,0.30901699","0.00000000,0.52359878,0.00000000","2.00000000,3.00000000,4.00000000",3
S00330,"2,3,4",2,baryon_neutral,linear,closure_weight,exact_closure,"0.91050775,0.37514982,0.17389151","0.00000000,0.00000000,0.00000000","2.00000000,3.00000000,4.00000000",3
S00331,"2,3,4",2,baryon_neutral,linear,closure_weight,torsional_offset,"0.91050775,0.37514982,0.17389151","0.02000000,0.03000000,0.04000000","2.00000000,3.00000000,4.00000000",3
S00332,"2,3,4",2,baryon_neutral,linear,closure_weight,winding_parity,"0.91050775,0.37514982,0.17389151","0.00000000,0.52359878,0.00000000","2.00000000,3.00000000,4.00000000",3
S00333,"2,3,4",2,baryon_neutral,phi_scaled,uniform,exact_closure,"0.33333333,0.33333333,0.33333333","0.00000000,0.00000000,0.00000000","2.61803399,4.23606798,6.85410197",3
S00334,"2,3,4",2,baryon_neutral,phi_scaled,uniform,torsional_offset,"0.33333333,0.33333333,0.33333333","0.02000000,0.03000000,0.04000000","2.61803399,4.23606798,6.85410197",3
S00335,"2,3,4",2,baryon_neutral,phi_scaled,uniform,winding_parity,"0.33333333,0.33333333,0.33333333","0.00000000,0.52359878,0.00000000","2.61803399,4.23606798,6.85410197",3
S00336,"2,3,4",2,baryon_neutral,phi_scaled,phi_decaying,exact_closure,"0.80901699,0.50000000,0.30901699","0.00000000,0.00000000,0.00000000","2.61803399,4.23606798,6.85410197",3
S00337,"2,3,4",2,baryon_neutral,phi_scaled,phi_decaying,torsional_offset,"0.80901699,0.50000000,0.30901699","0.02000000,0.03000000,0.04000000","2.61803399,4.23606798,6.85410197",3
S00338,"2,3,4",2,baryon_neutral,phi_scaled,phi_decaying,winding_parity,"0.80901699,0.50000000,0.30901699","0.00000000,0.52359878,0.00000000","2.61803399,4.23606798,6.85410197",3
S00339,"2,3,4",2,baryon_neutral,phi_scaled,closure_weight,exact_closure,"0.91050775,0.37514982,0.17389151","0.00000000,0.00000000,0.00000000","2.61803399,4.23606798,6.85410197",3
S00340,"2,3,4",2,baryon_neutral,phi_scaled,closure_weight,torsional_offset,"0.91050775,0.37514982,0.17389151","0.02000000,0.03000000,0.04000000","2.61803399,4.23606798,6.85410197",3
S00341,"2,3,4",2,baryon_neutral,phi_scaled,closure_weight,winding_parity,"0.91050775,0.37514982,0.17389151","0.00000000,0.52359878,0.00000000","2.61803399,4.23606798,6.85410197",3
S00342,"2,3,4",2,baryon_neutral,closure_corrected,uniform,exact_closure,"0.33333333,0.33333333,0.33333333","0.00000000,0.00000000,0.00000000","3.14164079,5.08328157,8.22492236",3
S00343,"2,3,4",2,baryon_neutral,closure_corrected,uniform,torsional_offset,"0.33333333,0.33333333,0.33333333","0.02000000,0.03000000,0.04000000","3.14164079,5.08328157,8.22492236",3
S00344,"2,3,4",2,baryon_neutral,closure_corrected,uniform,winding_parity,"0.33333333,0.33333333,0.33333333","0.00000000,0.52359878,0.00000000","3.14164079,5.08328157,8.22492236",3
S00345,"2,3,4",2,baryon_neutral,closure_corrected,phi_decaying,exact_closure,"0.80901699,0.50000000,0.30901699","0.00000000,0.00000000,0.00000000","3.14164079,5.08328157,8.22492236",3
S00346,"2,3,4",2,baryon_neutral,closure_corrected,phi_decaying,torsional_offset,"0.80901699,0.50000000,0.30901699","0.02000000,0.03000000,0.04000000","3.14164079,5.08328157,8.22492236",3
S00347,"2,3,4",2,baryon_neutral,closure_corrected,phi_decaying,winding_parity,"0.80901699,0.50000000,0.30901699","0.00000000,0.52359878,0.00000000","3.14164079,5.08328157,8.22492236",3
S00348,"2,3,4",2,baryon_neutral,closure_corrected,closure_weight,exact_closure,"0.91050775,0.37514982,0.17389151","0.00000000,0.00000000,0.00000000","3.14164079,5.08328157,8.22492236",3
S00349,"2,3,4",2,baryon_neutral,closure_corrected,closure_weight,torsional_offset,"0.91050775,0.37514982,0.17389151","0.02000000,0.03000000,0.04000000","3.14164079,5.08328157,8.22492236",3
S00350,"2,3,4",2,baryon_neutral,closure_corrected,closure_weight,winding_parity,"0.91050775,0.37514982,0.17389151","0.00000000,0.52359878,0.00000000","3.14164079,5.08328157,8.22492236",3
S00351,"2,3,4",3,baryon_neutral,linear,uniform,exact_closure,"0.33333333,0.33333333,0.33333333","0.00000000,0.00000000,0.00000000","2.00000000,3.00000000,4.00000000",3
S00352,"2,3,4",3,baryon_neutral,linear,uniform,torsional_offset,"0.33333333,0.33333333,0.33333333","0.02000000,0.03000000,0.04000000","2.00000000,3.00000000,4.00000000",3
S00353,"2,3,4",3,baryon_neutral,linear,uniform,winding_parity,"0.33333333,0.33333333,0.33333333","0.00000000,0.52359878,0.00000000","2.00000000,3.00000000,4.00000000",3
S00354,"2,3,4",3,baryon_neutral,linear,phi_decaying,exact_closure,"0.80901699,0.50000000,0.30901699","0.00000000,0.00000000,0.00000000","2.00000000,3.00000000,4.00000000",3
S00355,"2,3,4",3,baryon_neutral,linear,phi_decaying,torsional_offset,"0.80901699,0.50000000,0.30901699","0.02000000,0.03000000,0.04000000","2.00000000,3.00000000,4.00000000",3
S00356,"2,3,4",3,baryon_neutral,linear,phi_decaying,winding_parity,"0.80901699,0.50000000,0.30901699","0.00000000,0.52359878,0.00000000","2.00000000,3.00000000,4.00000000",3
S00357,"2,3,4",3,baryon_neutral,linear,closure_weight,exact_closure,"0.91050775,0.37514982,0.17389151","0.00000000,0.00000000,0.00000000","2.00000000,3.00000000,4.00000000",3
S00358,"2,3,4",3,baryon_neutral,linear,closure_weight,torsional_offset,"0.91050775,0.37514982,0.17389151","0.02000000,0.03000000,0.04000000","2.00000000,3.00000000,4.00000000",3
S00359,"2,3,4",3,baryon_neutral,linear,closure_weight,winding_parity,"0.91050775,0.37514982,0.17389151","0.00000000,0.52359878,0.00000000","2.00000000,3.00000000,4.00000000",3
S00360,"2,3,4",3,baryon_neutral,phi_scaled,uniform,exact_closure,"0.33333333,0.33333333,0.33333333","0.00000000,0.00000000,0.00000000","2.61803399,4.23606798,6.85410197",3
S00361,"2,3,4",3,baryon_neutral,phi_scaled,uniform,torsional_offset,"0.33333333,0.33333333,0.33333333","0.02000000,0.03000000,0.04000000","2.61803399,4.23606798,6.85410197",3
S00362,"2,3,4",3,baryon_neutral,phi_scaled,uniform,winding_parity,"0.33333333,0.33333333,0.33333333","0.00000000,0.52359878,0.00000000","2.61803399,4.23606798,6.85410197",3
S00363,"2,3,4",3,baryon_neutral,phi_scaled,phi_decaying,exact_closure,"0.80901699,0.50000000,0.30901699","0.00000000,0.00000000,0.00000000","2.61803399,4.23606798,6.85410197",3
S00364,"2,3,4",3,baryon_neutral,phi_scaled,phi_decaying,torsional_offset,"0.80901699,0.50000000,0.30901699","0.02000000,0.03000000,0.04000000","2.61803399,4.23606798,6.85410197",3
S00365,"2,3,4",3,baryon_neutral,phi_scaled,phi_decaying,winding_parity,"0.80901699,0.50000000,0.30901699","0.00000000,0.52359878,0.00000000","2.61803399,4.23606798,6.85410197",3
S00366,"2,3,4",3,baryon_neutral,phi_scaled,closure_weight,exact_closure,"0.91050775,0.37514982,0.17389151","0.00000000,0.00000000,0.00000000","2.61803399,4.23606798,6.85410197",3
S00367,"2,3,4",3,baryon_neutral,phi_scaled,closure_weight,torsional_offset,"0.91050775,0.37514982,0.17389151","0.02000000,0.03000000,0.04000000","2.61803399,4.23606798,6.85410197",3
S00368,"2,3,4",3,baryon_neutral,phi_scaled,closure_weight,winding_parity,"0.91050775,0.37514982,0.17389151","0.00000000,0.52359878,0.00000000","2.61803399,4.23606798,6.85410197",3
S00369,"2,3,4",3,baryon_neutral,closure_corrected,uniform,exact_closure,"0.33333333,0.33333333,0.33333333","0.00000000,0.00000000,0.00000000","3.40344419,5.50688837,8.91033256",3
S00370,"2,3,4",3,baryon_neutral,closure_corrected,uniform,torsional_offset,"0.33333333,0.33333333,0.33333333","0.02000000,0.03000000,0.04000000","3.40344419,5.50688837,8.91033256",3
S00371,"2,3,4",3,baryon_neutral,closure_corrected,uniform,winding_parity,"0.33333333,0.33333333,0.33333333","0.00000000,0.52359878,0.00000000","3.40344419,5.50688837,8.91033256",3
S00372,"2,3,4",3,baryon_neutral,closure_corrected,phi_decaying,exact_closure,"0.80901699,0.50000000,0.30901699","0.00000000,0.00000000,0.00000000","3.40344419,5.50688837,8.91033256",3
S00373,"2,3,4",3,baryon_neutral,closure_corrected,phi_decaying,torsional_offset,"0.80901699,0.50000000,0.30901699","0.02000000,0.03000000,0.04000000","3.40344419,5.50688837,8.91033256",3
S00374,"2,3,4",3,baryon_neutral,closure_corrected,phi_decaying,winding_parity,"0.80901699,0.50000000,0.30901699","0.00000000,0.52359878,0.00000000","3.40344419,5.50688837,8.91033256",3
S00375,"2,3,4",3,baryon_neutral,closure_corrected,closure_weight,exact_closure,"0.91050775,0.37514982,0.17389151","0.00000000,0.00000000,0.00000000","3.40344419,5.50688837,8.91033256",3
S00376,"2,3,4",3,baryon_neutral,closure_corrected,closure_weight,torsional_offset,"0.91050775,0.37514982,0.17389151","0.02000000,0.03000000,0.04000000","3.40344419,5.50688837,8.91033256",3
S00377,"2,3,4",3,baryon_neutral,closure_corrected,closure_weight,winding_parity,"0.91050775,0.37514982,0.17389151","0.00000000,0.52359878,0.00000000","3.40344419,5.50688837,8.91033256",3
S00378,"2,3,4,5",1,baryon_neutral,linear,uniform,exact_closure,"0.25000000,0.25000000,0.25000000,0.25000000","0.00000000,0.00000000,0.00000000,0.00000000","2.00000000,3.00000000,4.00000000,5.00000000",4
S00379,"2,3,4,5",1,baryon_neutral,linear,uniform,torsional_offset,"0.25000000,0.25000000,0.25000000,0.25000000","0.02000000,0.03000000,0.04000000,0.05000000","2.00000000,3.00000000,4.00000000,5.00000000",4
S00380,"2,3,4,5",1,baryon_neutral,linear,uniform,winding_parity,"0.25000000,0.25000000,0.25000000,0.25000000","0.00000000,0.52359878,0.00000000,0.52359878","2.00000000,3.00000000,4.00000000,5.00000000",4
S00381,"2,3,4,5",1,baryon_neutral,linear,phi_decaying,exact_closure,"0.79465447,0.49112347,0.30353100,0.18759247","0.00000000,0.00000000,0.00000000,0.00000000","2.00000000,3.00000000,4.00000000,5.00000000",4
S00382,"2,3,4,5",1,baryon_neutral,linear,phi_decaying,torsional_offset,"0.79465447,0.49112347,0.30353100,0.18759247","0.02000000,0.03000000,0.04000000,0.05000000","2.00000000,3.00000000,4.00000000,5.00000000",4
S00383,"2,3,4,5",1,baryon_neutral,linear,phi_decaying,winding_parity,"0.79465447,0.49112347,0.30353100,0.18759247","0.00000000,0.52359878,0.00000000,0.52359878","2.00000000,3.00000000,4.00000000,5.00000000",4
S00384,"2,3,4,5",1,baryon_neutral,linear,closure_weight,exact_closure,"0.90716106,0.37377091,0.17325235,0.08566067","0.00000000,0.00000000,0.00000000,0.00000000","2.00000000,3.00000000,4.00000000,5.00000000",4
S00385,"2,3,4,5",1,baryon_neutral,linear,closure_weight,torsional_offset,"0.90716106,0.37377091,0.17325235,0.08566067","0.02000000,0.03000000,0.04000000,0.05000000","2.00000000,3.00000000,4.00000000,5.00000000",4
S00386,"2,3,4,5",1,baryon_neutral,linear,closure_weight,winding_parity,"0.90716106,0.37377091,0.17325235,0.08566067","0.00000000,0.52359878,0.00000000,0.52359878","2.00000000,3.00000000,4.00000000,5.00000000",4
S00387,"2,3,4,5",1,baryon_neutral,phi_scaled,uniform,exact_closure,"0.25000000,0.25000000,0.25000000,0.25000000","0.00000000,0.00000000,0.00000000,0.00000000","2.61803399,4.23606798,6.85410197,11.09016994",4
S00388,"2,3,4,5",1,baryon_neutral,phi_scaled,uniform,torsional_offset,"0.25000000,0.25000000,0.25000000,0.25000000","0.02000000,0.03000000,0.04000000,0.05000000","2.61803399,4.23606798,6.85410197,11.09016994",4
S00389,"2,3,4,5",1,baryon_neutral,phi_scaled,uniform,winding_parity,"0.25000000,0.25000000,0.25000000,0.25000000","0.00000000,0.52359878,0.00000000,0.52359878","2.61803399,4.23606798,6.85410197,11.09016994",4
S00390,"2,3,4,5",1,baryon_neutral,phi_scaled,phi_decaying,exact_closure,"0.79465447,0.49112347,0.30353100,0.18759247","0.00000000,0.00000000,0.00000000,0.00000000","2.61803399,4.23606798,6.85410197,11.09016994",4
S00391,"2,3,4,5",1,baryon_neutral,phi_scaled,phi_decaying,torsional_offset,"0.79465447,0.49112347,0.30353100,0.18759247","0.02000000,0.03000000,0.04000000,0.05000000","2.61803399,4.23606798,6.85410197,11.09016994",4
S00392,"2,3,4,5",1,baryon_neutral,phi_scaled,phi_decaying,winding_parity,"0.79465447,0.49112347,0.30353100,0.18759247","0.00000000,0.52359878,0.00000000,0.52359878","2.61803399,4.23606798,6.85410197,11.09016994",4
S00393,"2,3,4,5",1,baryon_neutral,phi_scaled,closure_weight,exact_closure,"0.90716106,0.37377091,0.17325235,0.08566067","0.00000000,0.00000000,0.00000000,0.00000000","2.61803399,4.23606798,6.85410197,11.09016994",4
S00394,"2,3,4,5",1,baryon_neutral,phi_scaled,closure_weight,torsional_offset,"0.90716106,0.37377091,0.17325235,0.08566067","0.02000000,0.03000000,0.04000000,0.05000000","2.61803399,4.23606798,6.85410197,11.09016994",4
S00395,"2,3,4,5",1,baryon_neutral,phi_scaled,closure_weight,winding_parity,"0.90716106,0.37377091,0.17325235,0.08566067","0.00000000,0.52359878,0.00000000,0.52359878","2.61803399,4.23606798,6.85410197,11.09016994",4
S00396,"2,3,4,5",1,baryon_neutral,closure_corrected,uniform,exact_closure,"0.25000000,0.25000000,0.25000000,0.25000000","0.00000000,0.00000000,0.00000000,0.00000000","2.87983739,4.65967478,7.53951216,12.19918694",4
S00397,"2,3,4,5",1,baryon_neutral,closure_corrected,uniform,torsional_offset,"0.25000000,0.25000000,0.25000000,0.25000000","0.02000000,0.03000000,0.04000000,0.05000000","2.87983739,4.65967478,7.53951216,12.19918694",4
S00398,"2,3,4,5",1,baryon_neutral,closure_corrected,uniform,winding_parity,"0.25000000,0.25000000,0.25000000,0.25000000","0.00000000,0.52359878,0.00000000,0.52359878","2.87983739,4.65967478,7.53951216,12.19918694",4
S00399,"2,3,4,5",1,baryon_neutral,closure_corrected,phi_decaying,exact_closure,"0.79465447,0.49112347,0.30353100,0.18759247","0.00000000,0.00000000,0.00000000,0.00000000","2.87983739,4.65967478,7.53951216,12.19918694",4
S00400,"2,3,4,5",1,baryon_neutral,closure_corrected,phi_decaying,torsional_offset,"0.79465447,0.49112347,0.30353100,0.18759247","0.02000000,0.03000000,0.04000000,0.05000000","2.87983739,4.65967478,7.53951216,12.19918694",4
S00401,"2,3,4,5",1,baryon_neutral,closure_corrected,phi_decaying,winding_parity,"0.79465447,0.49112347,0.30353100,0.18759247","0.00000000,0.52359878,0.00000000,0.52359878","2.87983739,4.65967478,7.53951216,12.19918694",4
S00402,"2,3,4,5",1,baryon_neutral,closure_corrected,closure_weight,exact_closure,"0.90716106,0.37377091,0.17325235,0.08566067","0.00000000,0.00000000,0.00000000,0.00000000","2.87983739,4.65967478,7.53951216,12.19918694",4
S00403,"2,3,4,5",1,baryon_neutral,closure_corrected,closure_weight,torsional_offset,"0.90716106,0.37377091,0.17325235,0.08566067","0.02000000,0.03000000,0.04000000,0.05000000","2.87983739,4.65967478,7.53951216,12.19918694",4
S00404,"2,3,4,5",1,baryon_neutral,closure_corrected,closure_weight,winding_parity,"0.90716106,0.37377091,0.17325235,0.08566067","0.00000000,0.52359878,0.00000000,0.52359878","2.87983739,4.65967478,7.53951216,12.19918694",4
S00405,"2,3,4,5",2,baryon_neutral,linear,uniform,exact_closure,"0.25000000,0.25000000,0.25000000,0.25000000","0.00000000,0.00000000,0.00000000,0.00000000","2.00000000,3.00000000,4.00000000,5.00000000",4
S00406,"2,3,4,5",2,baryon_neutral,linear,uniform,torsional_offset,"0.25000000,0.25000000,0.25000000,0.25000000","0.02000000,0.03000000,0.04000000,0.05000000","2.00000000,3.00000000,4.00000000,5.00000000",4
S00407,"2,3,4,5",2,baryon_neutral,linear,uniform,winding_parity,"0.25000000,0.25000000,0.25000000,0.25000000","0.00000000,0.52359878,0.00000000,0.52359878","2.00000000,3.00000000,4.00000000,5.00000000",4
S00408,"2,3,4,5",2,baryon_neutral,linear,phi_decaying,exact_closure,"0.79465447,0.49112347,0.30353100,0.18759247","0.00000000,0.00000000,0.00000000,0.00000000","2.00000000,3.00000000,4.00000000,5.00000000",4
S00409,"2,3,4,5",2,baryon_neutral,linear,phi_decaying,torsional_offset,"0.79465447,0.49112347,0.30353100,0.18759247","0.02000000,0.03000000,0.04000000,0.05000000","2.00000000,3.00000000,4.00000000,5.00000000",4
S00410,"2,3,4,5",2,baryon_neutral,linear,phi_decaying,winding_parity,"0.79465447,0.49112347,0.30353100,0.18759247","0.00000000,0.52359878,0.00000000,0.52359878","2.00000000,3.00000000,4.00000000,5.00000000",4
S00411,"2,3,4,5",2,baryon_neutral,linear,closure_weight,exact_closure,"0.90716106,0.37377091,0.17325235,0.08566067","0.00000000,0.00000000,0.00000000,0.00000000","2.00000000,3.00000000,4.00000000,5.00000000",4
S00412,"2,3,4,5",2,baryon_neutral,linear,closure_weight,torsional_offset,"0.90716106,0.37377091,0.17325235,0.08566067","0.02000000,0.03000000,0.04000000,0.05000000","2.00000000,3.00000000,4.00000000,5.00000000",4
S00413,"2,3,4,5",2,baryon_neutral,linear,closure_weight,winding_parity,"0.90716106,0.37377091,0.17325235,0.08566067","0.00000000,0.52359878,0.00000000,0.52359878","2.00000000,3.00000000,4.00000000,5.00000000",4
S00414,"2,3,4,5",2,baryon_neutral,phi_scaled,uniform,exact_closure,"0.25000000,0.25000000,0.25000000,0.25000000","0.00000000,0.00000000,0.00000000,0.00000000","2.61803399,4.23606798,6.85410197,11.09016994",4
S00415,"2,3,4,5",2,baryon_neutral,phi_scaled,uniform,torsional_offset,"0.25000000,0.25000000,0.25000000,0.25000000","0.02000000,0.03000000,0.04000000,0.05000000","2.61803399,4.23606798,6.85410197,11.09016994",4
S00416,"2,3,4,5",2,baryon_neutral,phi_scaled,uniform,winding_parity,"0.25000000,0.25000000,0.25000000,0.25000000","0.00000000,0.52359878,0.00000000,0.52359878","2.61803399,4.23606798,6.85410197,11.09016994",4
S00417,"2,3,4,5",2,baryon_neutral,phi_scaled,phi_decaying,exact_closure,"0.79465447,0.49112347,0.30353100,0.18759247","0.00000000,0.00000000,0.00000000,0.00000000","2.61803399,4.23606798,6.85410197,11.09016994",4
S00418,"2,3,4,5",2,baryon_neutral,phi_scaled,phi_decaying,torsional_offset,"0.79465447,0.49112347,0.30353100,0.18759247","0.02000000,0.03000000,0.04000000,0.05000000","2.61803399,4.23606798,6.85410197,11.09016994",4
S00419,"2,3,4,5",2,baryon_neutral,phi_scaled,phi_decaying,winding_parity,"0.79465447,0.49112347,0.30353100,0.18759247","0.00000000,0.52359878,0.00000000,0.52359878","2.61803399,4.23606798,6.85410197,11.09016994",4
S00420,"2,3,4,5",2,baryon_neutral,phi_scaled,closure_weight,exact_closure,"0.90716106,0.37377091,0.17325235,0.08566067","0.00000000,0.00000000,0.00000000,0.00000000","2.61803399,4.23606798,6.85410197,11.09016994",4
S00421,"2,3,4,5",2,baryon_neutral,phi_scaled,closure_weight,torsional_offset,"0.90716106,0.37377091,0.17325235,0.08566067","0.02000000,0.03000000,0.04000000,0.05000000","2.61803399,4.23606798,6.85410197,11.09016994",4
S00422,"2,3,4,5",2,baryon_neutral,phi_scaled,closure_weight,winding_parity,"0.90716106,0.37377091,0.17325235,0.08566067","0.00000000,0.52359878,0.00000000,0.52359878","2.61803399,4.23606798,6.85410197,11.09016994",4
S00423,"2,3,4,5",2,baryon_neutral,closure_corrected,uniform,exact_closure,"0.25000000,0.25000000,0.25000000,0.25000000","0.00000000,0.00000000,0.00000000,0.00000000","3.14164079,5.08328157,8.22492236,13.30820393",4
S00424,"2,3,4,5",2,baryon_neutral,closure_corrected,uniform,torsional_offset,"0.25000000,0.25000000,0.25000000,0.25000000","0.02000000,0.03000000,0.04000000,0.05000000","3.14164079,5.08328157,8.22492236,13.30820393",4
S00425,"2,3,4,5",2,baryon_neutral,closure_corrected,uniform,winding_parity,"0.25000000,0.25000000,0.25000000,0.25000000","0.00000000,0.52359878,0.00000000,0.52359878","3.14164079,5.08328157,8.22492236,13.30820393",4
S00426,"2,3,4,5",2,baryon_neutral,closure_corrected,phi_decaying,exact_closure,"0.79465447,0.49112347,0.30353100,0.18759247","0.00000000,0.00000000,0.00000000,0.00000000","3.14164079,5.08328157,8.22492236,13.30820393",4
S00427,"2,3,4,5",2,baryon_neutral,closure_corrected,phi_decaying,torsional_offset,"0.79465447,0.49112347,0.30353100,0.18759247","0.02000000,0.03000000,0.04000000,0.05000000","3.14164079,5.08328157,8.22492236,13.30820393",4
S00428,"2,3,4,5",2,baryon_neutral,closure_corrected,phi_decaying,winding_parity,"0.79465447,0.49112347,0.30353100,0.18759247","0.00000000,0.52359878,0.00000000,0.52359878","3.14164079,5.08328157,8.22492236,13.30820393",4
S00429,"2,3,4,5",2,baryon_neutral,closure_corrected,closure_weight,exact_closure,"0.90716106,0.37377091,0.17325235,0.08566067","0.00000000,0.00000000,0.00000000,0.00000000","3.14164079,5.08328157,8.22492236,13.30820393",4
S00430,"2,3,4,5",2,baryon_neutral,closure_corrected,closure_weight,torsional_offset,"0.90716106,0.37377091,0.17325235,0.08566067","0.02000000,0.03000000,0.04000000,0.05000000","3.14164079,5.08328157,8.22492236,13.30820393",4
S00431,"2,3,4,5",2,baryon_neutral,closure_corrected,closure_weight,winding_parity,"0.90716106,0.37377091,0.17325235,0.08566067","0.00000000,0.52359878,0.00000000,0.52359878","3.14164079,5.08328157,8.22492236,13.30820393",4
S00432,"2,3,4,5",3,baryon_neutral,linear,uniform,exact_closure,"0.25000000,0.25000000,0.25000000,0.25000000","0.00000000,0.00000000,0.00000000,0.00000000","2.00000000,3.00000000,4.00000000,5.00000000",4
S00433,"2,3,4,5",3,baryon_neutral,linear,uniform,torsional_offset,"0.25000000,0.25000000,0.25000000,0.25000000","0.02000000,0.03000000,0.04000000,0.05000000","2.00000000,3.00000000,4.00000000,5.00000000",4
S00434,"2,3,4,5",3,baryon_neutral,linear,uniform,winding_parity,"0.25000000,0.25000000,0.25000000,0.25000000","0.00000000,0.52359878,0.00000000,0.52359878","2.00000000,3.00000000,4.00000000,5.00000000",4
S00435,"2,3,4,5",3,baryon_neutral,linear,phi_decaying,exact_closure,"0.79465447,0.49112347,0.30353100,0.18759247","0.00000000,0.00000000,0.00000000,0.00000000","2.00000000,3.00000000,4.00000000,5.00000000",4
S00436,"2,3,4,5",3,baryon_neutral,linear,phi_decaying,torsional_offset,"0.79465447,0.49112347,0.30353100,0.18759247","0.02000000,0.03000000,0.04000000,0.05000000","2.00000000,3.00000000,4.00000000,5.00000000",4
S00437,"2,3,4,5",3,baryon_neutral,linear,phi_decaying,winding_parity,"0.79465447,0.49112347,0.30353100,0.18759247","0.00000000,0.52359878,0.00000000,0.52359878","2.00000000,3.00000000,4.00000000,5.00000000",4
S00438,"2,3,4,5",3,baryon_neutral,linear,closure_weight,exact_closure,"0.90716106,0.37377091,0.17325235,0.08566067","0.00000000,0.00000000,0.00000000,0.00000000","2.00000000,3.00000000,4.00000000,5.00000000",4
S00439,"2,3,4,5",3,baryon_neutral,linear,closure_weight,torsional_offset,"0.90716106,0.37377091,0.17325235,0.08566067","0.02000000,0.03000000,0.04000000,0.05000000","2.00000000,3.00000000,4.00000000,5.00000000",4
S00440,"2,3,4,5",3,baryon_neutral,linear,closure_weight,winding_parity,"0.90716106,0.37377091,0.17325235,0.08566067","0.00000000,0.52359878,0.00000000,0.52359878","2.00000000,3.00000000,4.00000000,5.00000000",4
S00441,"2,3,4,5",3,baryon_neutral,phi_scaled,uniform,exact_closure,"0.25000000,0.25000000,0.25000000,0.25000000","0.00000000,0.00000000,0.00000000,0.00000000","2.61803399,4.23606798,6.85410197,11.09016994",4
S00442,"2,3,4,5",3,baryon_neutral,phi_scaled,uniform,torsional_offset,"0.25000000,0.25000000,0.25000000,0.25000000","0.02000000,0.03000000,0.04000000,0.05000000","2.61803399,4.23606798,6.85410197,11.09016994",4
S00443,"2,3,4,5",3,baryon_neutral,phi_scaled,uniform,winding_parity,"0.25000000,0.25000000,0.25000000,0.25000000","0.00000000,0.52359878,0.00000000,0.52359878","2.61803399,4.23606798,6.85410197,11.09016994",4
S00444,"2,3,4,5",3,baryon_neutral,phi_scaled,phi_decaying,exact_closure,"0.79465447,0.49112347,0.30353100,0.18759247","0.00000000,0.00000000,0.00000000,0.00000000","2.61803399,4.23606798,6.85410197,11.09016994",4
S00445,"2,3,4,5",3,baryon_neutral,phi_scaled,phi_decaying,torsional_offset,"0.79465447,0.49112347,0.30353100,0.18759247","0.02000000,0.03000000,0.04000000,0.05000000","2.61803399,4.23606798,6.85410197,11.09016994",4
S00446,"2,3,4,5",3,baryon_neutral,phi_scaled,phi_decaying,winding_parity,"0.79465447,0.49112347,0.30353100,0.18759247","0.00000000,0.52359878,0.00000000,0.52359878","2.61803399,4.23606798,6.85410197,11.09016994",4
S00447,"2,3,4,5",3,baryon_neutral,phi_scaled,closure_weight,exact_closure,"0.90716106,0.37377091,0.17325235,0.08566067","0.00000000,0.00000000,0.00000000,0.00000000","2.61803399,4.23606798,6.85410197,11.09016994",4
S00448,"2,3,4,5",3,baryon_neutral,phi_scaled,closure_weight,torsional_offset,"0.90716106,0.37377091,0.17325235,0.08566067","0.02000000,0.03000000,0.04000000,0.05000000","2.61803399,4.23606798,6.85410197,11.09016994",4
S00449,"2,3,4,5",3,baryon_neutral,phi_scaled,closure_weight,winding_parity,"0.90716106,0.37377091,0.17325235,0.08566067","0.00000000,0.52359878,0.00000000,0.52359878","2.61803399,4.23606798,6.85410197,11.09016994",4
S00450,"2,3,4,5",3,baryon_neutral,closure_corrected,uniform,exact_closure,"0.25000000,0.25000000,0.25000000,0.25000000","0.00000000,0.00000000,0.00000000,0.00000000","3.40344419,5.50688837,8.91033256,14.41722093",4
S00451,"2,3,4,5",3,baryon_neutral,closure_corrected,uniform,torsional_offset,"0.25000000,0.25000000,0.25000000,0.25000000","0.02000000,0.03000000,0.04000000,0.05000000","3.40344419,5.50688837,8.91033256,14.41722093",4
S00452,"2,3,4,5",3,baryon_neutral,closure_corrected,uniform,winding_parity,"0.25000000,0.25000000,0.25000000,0.25000000","0.00000000,0.52359878,0.00000000,0.52359878","3.40344419,5.50688837,8.91033256,14.41722093",4
S00453,"2,3,4,5",3,baryon_neutral,closure_corrected,phi_decaying,exact_closure,"0.79465447,0.49112347,0.30353100,0.18759247","0.00000000,0.00000000,0.00000000,0.00000000","3.40344419,5.50688837,8.91033256,14.41722093",4
S00454,"2,3,4,5",3,baryon_neutral,closure_corrected,phi_decaying,torsional_offset,"0.79465447,0.49112347,0.30353100,0.18759247","0.02000000,0.03000000,0.04000000,0.05000000","3.40344419,5.50688837,8.91033256,14.41722093",4
S00455,"2,3,4,5",3,baryon_neutral,closure_corrected,phi_decaying,winding_parity,"0.79465447,0.49112347,0.30353100,0.18759247","0.00000000,0.52359878,0.00000000,0.52359878","3.40344419,5.50688837,8.91033256,14.41722093",4
S00456,"2,3,4,5",3,baryon_neutral,closure_corrected,closure_weight,exact_closure,"0.90716106,0.37377091,0.17325235,0.08566067","0.00000000,0.00000000,0.00000000,0.00000000","3.40344419,5.50688837,8.91033256,14.41722093",4
S00457,"2,3,4,5",3,baryon_neutral,closure_corrected,closure_weight,torsional_offset,"0.90716106,0.37377091,0.17325235,0.08566067","0.02000000,0.03000000,0.04000000,0.05000000","3.40344419,5.50688837,8.91033256,14.41722093",4
S00458,"2,3,4,5",3,baryon_neutral,closure_corrected,closure_weight,winding_parity,"0.90716106,0.37377091,0.17325235,0.08566067","0.00000000,0.52359878,0.00000000,0.52359878","3.40344419,5.50688837,8.91033256,14.41722093",4
S00459,"3,4,5",1,baryon_neutral,linear,uniform,exact_closure,"0.33333333,0.33333333,0.33333333","0.00000000,0.00000000,0.00000000","3.00000000,4.00000000,5.00000000",3
S00460,"3,4,5",1,baryon_neutral,linear,uniform,torsional_offset,"0.33333333,0.33333333,0.33333333","0.03000000,0.04000000,0.05000000","3.00000000,4.00000000,5.00000000",3
S00461,"3,4,5",1,baryon_neutral,linear,uniform,winding_parity,"0.33333333,0.33333333,0.33333333","0.52359878,0.00000000,0.52359878","3.00000000,4.00000000,5.00000000",3
S00462,"3,4,5",1,baryon_neutral,linear,phi_decaying,exact_closure,"0.80901699,0.50000000,0.30901699","0.00000000,0.00000000,0.00000000","3.00000000,4.00000000,5.00000000",3
S00463,"3,4,5",1,baryon_neutral,linear,phi_decaying,torsional_offset,"0.80901699,0.50000000,0.30901699","0.03000000,0.04000000,0.05000000","3.00000000,4.00000000,5.00000000",3
S00464,"3,4,5",1,baryon_neutral,linear,phi_decaying,winding_parity,"0.80901699,0.50000000,0.30901699","0.52359878,0.00000000,0.52359878","3.00000000,4.00000000,5.00000000",3
S00465,"3,4,5",1,baryon_neutral,linear,closure_weight,exact_closure,"0.88827352,0.41173742,0.20357418","0.00000000,0.00000000,0.00000000","3.00000000,4.00000000,5.00000000",3
S00466,"3,4,5",1,baryon_neutral,linear,closure_weight,torsional_offset,"0.88827352,0.41173742,0.20357418","0.03000000,0.04000000,0.05000000","3.00000000,4.00000000,5.00000000",3
S00467,"3,4,5",1,baryon_neutral,linear,closure_weight,winding_parity,"0.88827352,0.41173742,0.20357418","0.52359878,0.00000000,0.52359878","3.00000000,4.00000000,5.00000000",3
S00468,"3,4,5",1,baryon_neutral,phi_scaled,uniform,exact_closure,"0.33333333,0.33333333,0.33333333","0.00000000,0.00000000,0.00000000","4.23606798,6.85410197,11.09016994",3
S00469,"3,4,5",1,baryon_neutral,phi_scaled,uniform,torsional_offset,"0.33333333,0.33333333,0.33333333","0.03000000,0.04000000,0.05000000","4.23606798,6.85410197,11.09016994",3
S00470,"3,4,5",1,baryon_neutral,phi_scaled,uniform,winding_parity,"0.33333333,0.33333333,0.33333333","0.52359878,0.00000000,0.52359878","4.23606798,6.85410197,11.09016994",3
S00471,"3,4,5",1,baryon_neutral,phi_scaled,phi_decaying,exact_closure,"0.80901699,0.50000000,0.30901699","0.00000000,0.00000000,0.00000000","4.23606798,6.85410197,11.09016994",3
S00472,"3,4,5",1,baryon_neutral,phi_scaled,phi_decaying,torsional_offset,"0.80901699,0.50000000,0.30901699","0.03000000,0.04000000,0.05000000","4.23606798,6.85410197,11.09016994",3
S00473,"3,4,5",1,baryon_neutral,phi_scaled,phi_decaying,winding_parity,"0.80901699,0.50000000,0.30901699","0.52359878,0.00000000,0.52359878","4.23606798,6.85410197,11.09016994",3
S00474,"3,4,5",1,baryon_neutral,phi_scaled,closure_weight,exact_closure,"0.88827352,0.41173742,0.20357418","0.00000000,0.00000000,0.00000000","4.23606798,6.85410197,11.09016994",3
S00475,"3,4,5",1,baryon_neutral,phi_scaled,closure_weight,torsional_offset,"0.88827352,0.41173742,0.20357418","0.03000000,0.04000000,0.05000000","4.23606798,6.85410197,11.09016994",3
S00476,"3,4,5",1,baryon_neutral,phi_scaled,closure_weight,winding_parity,"0.88827352,0.41173742,0.20357418","0.52359878,0.00000000,0.52359878","4.23606798,6.85410197,11.09016994",3
S00477,"3,4,5",1,baryon_neutral,closure_corrected,uniform,exact_closure,"0.33333333,0.33333333,0.33333333","0.00000000,0.00000000,0.00000000","4.65967478,7.53951216,12.19918694",3
S00478,"3,4,5",1,baryon_neutral,closure_corrected,uniform,torsional_offset,"0.33333333,0.33333333,0.33333333","0.03000000,0.04000000,0.05000000","4.65967478,7.53951216,12.19918694",3
S00479,"3,4,5",1,baryon_neutral,closure_corrected,uniform,winding_parity,"0.33333333,0.33333333,0.33333333","0.52359878,0.00000000,0.52359878","4.65967478,7.53951216,12.19918694",3
S00480,"3,4,5",1,baryon_neutral,closure_corrected,phi_decaying,exact_closure,"0.80901699,0.50000000,0.30901699","0.00000000,0.00000000,0.00000000","4.65967478,7.53951216,12.19918694",3
S00481,"3,4,5",1,baryon_neutral,closure_corrected,phi_decaying,torsional_offset,"0.80901699,0.50000000,0.30901699","0.03000000,0.04000000,0.05000000","4.65967478,7.53951216,12.19918694",3
S00482,"3,4,5",1,baryon_neutral,closure_corrected,phi_decaying,winding_parity,"0.80901699,0.50000000,0.30901699","0.52359878,0.00000000,0.52359878","4.65967478,7.53951216,12.19918694",3
S00483,"3,4,5",1,baryon_neutral,closure_corrected,closure_weight,exact_closure,"0.88827352,0.41173742,0.20357418","0.00000000,0.00000000,0.00000000","4.65967478,7.53951216,12.19918694",3
S00484,"3,4,5",1,baryon_neutral,closure_corrected,closure_weight,torsional_offset,"0.88827352,0.41173742,0.20357418","0.03000000,0.04000000,0.05000000","4.65967478,7.53951216,12.19918694",3
S00485,"3,4,5",1,baryon_neutral,closure_corrected,closure_weight,winding_parity,"0.88827352,0.41173742,0.20357418","0.52359878,0.00000000,0.52359878","4.65967478,7.53951216,12.19918694",3
S00486,"3,4,5",2,baryon_neutral,linear,uniform,exact_closure,"0.33333333,0.33333333,0.33333333","0.00000000,0.00000000,0.00000000","3.00000000,4.00000000,5.00000000",3
S00487,"3,4,5",2,baryon_neutral,linear,uniform,torsional_offset,"0.33333333,0.33333333,0.33333333","0.03000000,0.04000000,0.05000000","3.00000000,4.00000000,5.00000000",3
S00488,"3,4,5",2,baryon_neutral,linear,uniform,winding_parity,"0.33333333,0.33333333,0.33333333","0.52359878,0.00000000,0.52359878","3.00000000,4.00000000,5.00000000",3
S00489,"3,4,5",2,baryon_neutral,linear,phi_decaying,exact_closure,"0.80901699,0.50000000,0.30901699","0.00000000,0.00000000,0.00000000","3.00000000,4.00000000,5.00000000",3
S00490,"3,4,5",2,baryon_neutral,linear,phi_decaying,torsional_offset,"0.80901699,0.50000000,0.30901699","0.03000000,0.04000000,0.05000000","3.00000000,4.00000000,5.00000000",3
S00491,"3,4,5",2,baryon_neutral,linear,phi_decaying,winding_parity,"0.80901699,0.50000000,0.30901699","0.52359878,0.00000000,0.52359878","3.00000000,4.00000000,5.00000000",3
S00492,"3,4,5",2,baryon_neutral,linear,closure_weight,exact_closure,"0.88827352,0.41173742,0.20357418","0.00000000,0.00000000,0.00000000","3.00000000,4.00000000,5.00000000",3
S00493,"3,4,5",2,baryon_neutral,linear,closure_weight,torsional_offset,"0.88827352,0.41173742,0.20357418","0.03000000,0.04000000,0.05000000","3.00000000,4.00000000,5.00000000",3
S00494,"3,4,5",2,baryon_neutral,linear,closure_weight,winding_parity,"0.88827352,0.41173742,0.20357418","0.52359878,0.00000000,0.52359878","3.00000000,4.00000000,5.00000000",3
S00495,"3,4,5",2,baryon_neutral,phi_scaled,uniform,exact_closure,"0.33333333,0.33333333,0.33333333","0.00000000,0.00000000,0.00000000","4.23606798,6.85410197,11.09016994",3
S00496,"3,4,5",2,baryon_neutral,phi_scaled,uniform,torsional_offset,"0.33333333,0.33333333,0.33333333","0.03000000,0.04000000,0.05000000","4.23606798,6.85410197,11.09016994",3
S00497,"3,4,5",2,baryon_neutral,phi_scaled,uniform,winding_parity,"0.33333333,0.33333333,0.33333333","0.52359878,0.00000000,0.52359878","4.23606798,6.85410197,11.09016994",3
S00498,"3,4,5",2,baryon_neutral,phi_scaled,phi_decaying,exact_closure,"0.80901699,0.50000000,0.30901699","0.00000000,0.00000000,0.00000000","4.23606798,6.85410197,11.09016994",3
S00499,"3,4,5",2,baryon_neutral,phi_scaled,phi_decaying,torsional_offset,"0.80901699,0.50000000,0.30901699","0.03000000,0.04000000,0.05000000","4.23606798,6.85410197,11.09016994",3
S00500,"3,4,5",2,baryon_neutral,phi_scaled,phi_decaying,winding_parity,"0.80901699,0.50000000,0.30901699","0.52359878,0.00000000,0.52359878","4.23606798,6.85410197,11.09016994",3
S00501,"3,4,5",2,baryon_neutral,phi_scaled,closure_weight,exact_closure,"0.88827352,0.41173742,0.20357418","0.00000000,0.00000000,0.00000000","4.23606798,6.85410197,11.09016994",3
S00502,"3,4,5",2,baryon_neutral,phi_scaled,closure_weight,torsional_offset,"0.88827352,0.41173742,0.20357418","0.03000000,0.04000000,0.05000000","4.23606798,6.85410197,11.09016994",3
S00503,"3,4,5",2,baryon_neutral,phi_scaled,closure_weight,winding_parity,"0.88827352,0.41173742,0.20357418","0.52359878,0.00000000,0.52359878","4.23606798,6.85410197,11.09016994",3
S00504,"3,4,5",2,baryon_neutral,closure_corrected,uniform,exact_closure,"0.33333333,0.33333333,0.33333333","0.00000000,0.00000000,0.00000000","5.08328157,8.22492236,13.30820393",3
S00505,"3,4,5",2,baryon_neutral,closure_corrected,uniform,torsional_offset,"0.33333333,0.33333333,0.33333333","0.03000000,0.04000000,0.05000000","5.08328157,8.22492236,13.30820393",3
S00506,"3,4,5",2,baryon_neutral,closure_corrected,uniform,winding_parity,"0.33333333,0.33333333,0.33333333","0.52359878,0.00000000,0.52359878","5.08328157,8.22492236,13.30820393",3
S00507,"3,4,5",2,baryon_neutral,closure_corrected,phi_decaying,exact_closure,"0.80901699,0.50000000,0.30901699","0.00000000,0.00000000,0.00000000","5.08328157,8.22492236,13.30820393",3
S00508,"3,4,5",2,baryon_neutral,closure_corrected,phi_decaying,torsional_offset,"0.80901699,0.50000000,0.30901699","0.03000000,0.04000000,0.05000000","5.08328157,8.22492236,13.30820393",3
S00509,"3,4,5",2,baryon_neutral,closure_corrected,phi_decaying,winding_parity,"0.80901699,0.50000000,0.30901699","0.52359878,0.00000000,0.52359878","5.08328157,8.22492236,13.30820393",3
S00510,"3,4,5",2,baryon_neutral,closure_corrected,closure_weight,exact_closure,"0.88827352,0.41173742,0.20357418","0.00000000,0.00000000,0.00000000","5.08328157,8.22492236,13.30820393",3
S00511,"3,4,5",2,baryon_neutral,closure_corrected,closure_weight,torsional_offset,"0.88827352,0.41173742,0.20357418","0.03000000,0.04000000,0.05000000","5.08328157,8.22492236,13.30820393",3
S00512,"3,4,5",2,baryon_neutral,closure_corrected,closure_weight,winding_parity,"0.88827352,0.41173742,0.20357418","0.52359878,0.00000000,0.52359878","5.08328157,8.22492236,13.30820393",3
S00513,"3,4,5",3,baryon_neutral,linear,uniform,exact_closure,"0.33333333,0.33333333,0.33333333","0.00000000,0.00000000,0.00000000","3.00000000,4.00000000,5.00000000",3
S00514,"3,4,5",3,baryon_neutral,linear,uniform,torsional_offset,"0.33333333,0.33333333,0.33333333","0.03000000,0.04000000,0.05000000","3.00000000,4.00000000,5.00000000",3
S00515,"3,4,5",3,baryon_neutral,linear,uniform,winding_parity,"0.33333333,0.33333333,0.33333333","0.52359878,0.00000000,0.52359878","3.00000000,4.00000000,5.00000000",3
S00516,"3,4,5",3,baryon_neutral,linear,phi_decaying,exact_closure,"0.80901699,0.50000000,0.30901699","0.00000000,0.00000000,0.00000000","3.00000000,4.00000000,5.00000000",3
S00517,"3,4,5",3,baryon_neutral,linear,phi_decaying,torsional_offset,"0.80901699,0.50000000,0.30901699","0.03000000,0.04000000,0.05000000","3.00000000,4.00000000,5.00000000",3
S00518,"3,4,5",3,baryon_neutral,linear,phi_decaying,winding_parity,"0.80901699,0.50000000,0.30901699","0.52359878,0.00000000,0.52359878","3.00000000,4.00000000,5.00000000",3
S00519,"3,4,5",3,baryon_neutral,linear,closure_weight,exact_closure,"0.88827352,0.41173742,0.20357418","0.00000000,0.00000000,0.00000000","3.00000000,4.00000000,5.00000000",3
S00520,"3,4,5",3,baryon_neutral,linear,closure_weight,torsional_offset,"0.88827352,0.41173742,0.20357418","0.03000000,0.04000000,0.05000000","3.00000000,4.00000000,5.00000000",3
S00521,"3,4,5",3,baryon_neutral,linear,closure_weight,winding_parity,"0.88827352,0.41173742,0.20357418","0.52359878,0.00000000,0.52359878","3.00000000,4.00000000,5.00000000",3
S00522,"3,4,5",3,baryon_neutral,phi_scaled,uniform,exact_closure,"0.33333333,0.33333333,0.33333333","0.00000000,0.00000000,0.00000000","4.23606798,6.85410197,11.09016994",3
S00523,"3,4,5",3,baryon_neutral,phi_scaled,uniform,torsional_offset,"0.33333333,0.33333333,0.33333333","0.03000000,0.04000000,0.05000000","4.23606798,6.85410197,11.09016994",3
S00524,"3,4,5",3,baryon_neutral,phi_scaled,uniform,winding_parity,"0.33333333,0.33333333,0.33333333","0.52359878,0.00000000,0.52359878","4.23606798,6.85410197,11.09016994",3
S00525,"3,4,5",3,baryon_neutral,phi_scaled,phi_decaying,exact_closure,"0.80901699,0.50000000,0.30901699","0.00000000,0.00000000,0.00000000","4.23606798,6.85410197,11.09016994",3
S00526,"3,4,5",3,baryon_neutral,phi_scaled,phi_decaying,torsional_offset,"0.80901699,0.50000000,0.30901699","0.03000000,0.04000000,0.05000000","4.23606798,6.85410197,11.09016994",3
S00527,"3,4,5",3,baryon_neutral,phi_scaled,phi_decaying,winding_parity,"0.80901699,0.50000000,0.30901699","0.52359878,0.00000000,0.52359878","4.23606798,6.85410197,11.09016994",3
S00528,"3,4,5",3,baryon_neutral,phi_scaled,closure_weight,exact_closure,"0.88827352,0.41173742,0.20357418","0.00000000,0.00000000,0.00000000","4.23606798,6.85410197,11.09016994",3
S00529,"3,4,5",3,baryon_neutral,phi_scaled,closure_weight,torsional_offset,"0.88827352,0.41173742,0.20357418","0.03000000,0.04000000,0.05000000","4.23606798,6.85410197,11.09016994",3
S00530,"3,4,5",3,baryon_neutral,phi_scaled,closure_weight,winding_parity,"0.88827352,0.41173742,0.20357418","0.52359878,0.00000000,0.52359878","4.23606798,6.85410197,11.09016994",3
S00531,"3,4,5",3,baryon_neutral,closure_corrected,uniform,exact_closure,"0.33333333,0.33333333,0.33333333","0.00000000,0.00000000,0.00000000","5.50688837,8.91033256,14.41722093",3
S00532,"3,4,5",3,baryon_neutral,closure_corrected,uniform,torsional_offset,"0.33333333,0.33333333,0.33333333","0.03000000,0.04000000,0.05000000","5.50688837,8.91033256,14.41722093",3
S00533,"3,4,5",3,baryon_neutral,closure_corrected,uniform,winding_parity,"0.33333333,0.33333333,0.33333333","0.52359878,0.00000000,0.52359878","5.50688837,8.91033256,14.41722093",3
S00534,"3,4,5",3,baryon_neutral,closure_corrected,phi_decaying,exact_closure,"0.80901699,0.50000000,0.30901699","0.00000000,0.00000000,0.00000000","5.50688837,8.91033256,14.41722093",3
S00535,"3,4,5",3,baryon_neutral,closure_corrected,phi_decaying,torsional_offset,"0.80901699,0.50000000,0.30901699","0.03000000,0.04000000,0.05000000","5.50688837,8.91033256,14.41722093",3
S00536,"3,4,5",3,baryon_neutral,closure_corrected,phi_decaying,winding_parity,"0.80901699,0.50000000,0.30901699","0.52359878,0.00000000,0.52359878","5.50688837,8.91033256,14.41722093",3
S00537,"3,4,5",3,baryon_neutral,closure_corrected,closure_weight,exact_closure,"0.88827352,0.41173742,0.20357418","0.00000000,0.00000000,0.00000000","5.50688837,8.91033256,14.41722093",3
S00538,"3,4,5",3,baryon_neutral,closure_corrected,closure_weight,torsional_offset,"0.88827352,0.41173742,0.20357418","0.03000000,0.04000000,0.05000000","5.50688837,8.91033256,14.41722093",3
S00539,"3,4,5",3,baryon_neutral,closure_corrected,closure_weight,winding_parity,"0.88827352,0.41173742,0.20357418","0.52359878,0.00000000,0.52359878","5.50688837,8.91033256,14.41722093",3
